district,total_population,population_65_plus,pct_65_plus,pt_count,rehab_clinic_count,rehab_hospital_count,pt_per_10000,pt_per_10000_65plus,rehab_medical_facility_count,rehab_medical_facility_per_10000
新營區,74741,15628,20.909540948074014,26,2,3,3.4786797072557234,16.63680573329921,5,0.6689768667799468
鹽水區,23984,5702,23.77418278852568,0,0,0,0.0,0.0,0,0.0
白河區,25434,7313,28.752850515058583,3,1,0,1.179523472517103,4.102283604539861,1,0.3931744908390344
柳營區,20032,4934,24.6305910543131,26,0,1,12.97923322683706,52.6955816781516,1,0.4992012779552715
後壁區,21346,6238,29.223273681251754,2,0,0,0.93694368968425,3.2061558191728117,0,0.0
東山區,18866,5288,28.02925898441641,0,0,0,0.0,0.0,0,0.0
麻豆區,43053,9797,22.75567323996005,29,1,1,6.735883678257032,29.600898234153313,2,0.4645437019487608
下營區,22099,5648,25.55771754378026,0,0,0,0.0,0.0,0,0.0
六甲區,21140,4844,22.91390728476821,0,0,0,0.0,0.0,0,0.0
官田區,20675,4361,21.09310761789601,0,0,0,0.0,0.0,0,0.0
大內區,8606,2571,29.874506158494075,0,0,0,0.0,0.0,0,0.0
佳里區,58428,11880,20.33271719038817,46,2,1,7.872937632641884,38.72053872053872,3,0.5134524543027316
學甲區,24554,5544,22.57880589720616,2,0,0,0.8145312372729494,3.6075036075036073,0,0.0
西港區,25037,5032,20.09825458321684,0,0,0,0.0,0.0,0,0.0
七股區,20788,4894,23.542428324033096,1,1,0,0.4810467577448528,2.043318348998774,1,0.4810467577448528
將軍區,18102,4680,25.853496851176665,0,0,0,0.0,0.0,0,0.0
北門區,9722,2318,23.84283069327299,0,0,0,0.0,0.0,0,0.0
新化區,42301,8848,20.91676319708754,12,0,1,2.8368123685019264,13.5623869801085,1,0.2364010307084939
善化區,53211,8777,16.494709740467197,18,0,0,3.382759203924001,20.508146291443545,0,0.0
新市區,37936,6172,16.269506537326023,5,0,0,1.3180092787853226,8.101101749837978,0,0.0
安定區,29874,5635,18.862556068822386,0,0,0,0.0,0.0,0,0.0
山上區,6934,1665,24.01211421978656,0,0,0,0.0,0.0,0,0.0
玉井區,12835,3542,27.59641604986365,0,0,0,0.0,0.0,0,0.0
楠西區,8555,2458,28.73173582700176,0,0,0,0.0,0.0,0,0.0
南化區,7800,2200,28.205128205128204,0,0,0,0.0,0.0,0,0.0
左鎮區,4136,1356,32.785299806576404,0,0,0,0.0,0.0,0,0.0
仁德區,77598,14315,18.44764040310317,20,1,0,2.5773860151034818,13.971358714634997,1,0.12886930075517408
歸仁區,69728,12153,17.429153281321707,22,1,0,3.155117026158788,18.102526125236565,1,0.14341441027994492
關廟區,33030,7666,23.20920375416288,5,0,0,1.5137753557372085,6.522306287503261,0,0.0
龍崎區,3358,1139,33.91899940440739,0,0,0,0.0,0.0,0,0.0
永康區,235568,36139,15.341217822454665,115,6,3,4.8818175643550905,31.821577796839982,9,0.38205528764518104
東區,181866,34422,18.92712216687012,124,11,2,6.818206811608547,36.02347336006043,13,0.7148120044428314
南區,120406,26508,22.01551417703437,46,3,0,3.8204076208826803,17.353251848498566,3,0.24915701875321827
北區,125880,25025,19.880044486812835,117,6,2,9.294566253574834,46.753246753246756,8,0.6355258976803305
安南區,203796,30991,15.206873540206873,75,3,1,3.6801507389742683,24.200574360298152,4,0.19627470607862765
安平區,70222,10480,14.92409786106918,21,2,0,2.9905157927714963,20.0381679389313,2,0.2848110278829996
中西區,77232,16939,21.93261860368759,79,6,5,10.228920654650922,46.637936123738115,11,1.4242800911539257
