區域別,總計,合計65至69歲,合計70至74歲,合計75至79歲,合計80至84歲,合計85至89歲,合計90至94歲,合計95至99歲,100歲以上,population_65_plus,pct_65_plus
新營區,74493,5411,4536,2782,1707,1164,514,123,15,16252,21.816815002751934
鹽水區,23635,1892,1475,950,675,526,270,52,1,5841,24.71334884704887
白河區,24948,2157,1860,1275,887,750,397,96,11,7433,29.79397146063813
柳營區,19831,1631,1346,850,604,414,204,40,3,5092,25.67697039987898
後壁區,20840,1819,1514,1081,833,623,348,77,9,6304,30.24952015355086
東山區,18490,1581,1275,948,704,529,247,58,9,5351,28.939967550027042
麻豆區,42873,3361,2702,1638,1020,825,425,117,13,10101,23.5602826954027
下營區,21742,1907,1486,938,658,554,255,69,5,5872,27.007634992181035
六甲區,20880,1633,1352,892,523,365,182,27,1,4975,23.826628352490424
官田區,20527,1623,1225,794,408,292,152,55,8,4557,22.200029229794904
大內區,8427,770,686,466,336,226,106,31,1,2622,31.11427554289783
佳里區,58328,4406,3415,1981,1137,884,444,114,15,12396,21.252228775202305
學甲區,24365,2056,1592,903,588,413,173,35,3,5763,23.65278062794993
西港區,24811,1848,1337,771,521,449,256,47,7,5236,21.103542783442826
七股區,20493,1610,1186,803,581,504,234,75,9,5002,24.40833455326209
將軍區,17598,1523,1224,739,589,408,232,66,3,4784,27.184907375838165
北門區,9436,858,649,352,269,175,84,18,0,2405,25.487494701144552
新化區,41932,3196,2576,1507,992,604,297,82,6,9260,22.083373080225126
善化區,53888,3099,2479,1542,927,695,313,90,16,9161,17.000074228028502
新市區,38279,2361,1892,1033,594,406,161,35,4,6486,16.944016301366286
安定區,29783,2133,1606,815,610,445,210,49,8,5876,19.729375818419904
山上區,6796,561,410,269,197,160,93,18,3,1711,25.176574455562097
玉井區,12674,1182,962,583,438,315,158,30,2,3670,28.95691967808111
楠西區,8392,833,632,432,294,216,113,22,3,2545,30.326501429933273
南化區,7606,700,609,400,243,170,102,30,1,2255,29.647646594793585
左鎮區,4095,438,359,215,158,122,68,19,1,1380,33.6996336996337
仁德區,77496,5420,4498,2587,1365,778,339,96,11,15094,19.477134303706
歸仁區,70574,4986,3874,2039,1039,678,293,73,11,12993,18.410462776659962
關廟區,33198,2690,2184,1305,849,587,294,60,8,7977,24.028555937104645
龍崎區,3234,372,283,186,120,109,63,23,2,1158,35.80705009276438
永康區,235805,15384,11474,6137,3117,1692,606,185,27,38622,16.378787557515746
東區,180856,12310,10413,6389,3556,2127,870,254,31,35950,19.877692750033177
南區,119121,9501,8044,4741,2831,1656,607,182,28,27590,23.161323360280722
北區,125439,8807,7483,4567,2713,1705,645,188,28,26136,20.83562528400258
安南區,204534,13088,9850,4962,2535,1627,648,144,18,32872,16.071655568267378
安平區,71256,4345,3217,1825,1071,627,203,37,2,11327,15.896205231840128
中西區,75802,5347,4909,3065,1877,1338,645,130,16,17327,22.858235930450384
