鄉鎮市區碼,醫院家數,家庭醫學科,內科,外科,兒科,婦產科,骨科,神經科,神經外科,泌尿科,耳鼻喉科,眼科,皮膚科,精神科,復健科,麻醉科,放射診斷科,放射腫瘤科,解剖病理科,臨床病理科,核子醫學科,急診醫學科,整形外科,職業醫學科,西醫一般科,牙醫一般科,口腔病理科,口腔顎面外科,齒顎矯正科,牙周病科,兒童牙科,牙髓病科,?復補綴牙科,牙體復形科,家庭牙醫科,特殊需求者口腔醫學科,植牙科,中醫一般科,中醫內科,中醫外科,中醫眼科,中醫兒科,中醫婦科,中醫傷科,中醫針灸科,中醫痔科
101,5,4,4,4,4,4,4,4,3,4,4,4,4,5,4,4,4,1,3,1,1,4,2,2,2,4,1,2,2,2,1,1,1,0,1,0,0,1,0,0,0,0,0,0,0,0
102,6,6,6,5,4,6,5,5,4,5,5,5,4,3,5,5,5,3,3,2,2,3,2,3,1,5,0,3,1,1,1,1,1,0,1,0,0,0,0,0,0,0,0,0,0,0
109,1,1,1,1,1,1,1,1,1,1,1,1,1,1,1,1,1,1,1,1,1,1,1,1,1,1,1,1,0,0,0,0,0,0,1,1,0,1,0,0,0,0,0,0,0,0
110,3,1,1,2,3,3,2,1,2,1,2,2,2,2,2,2,2,1,1,1,1,1,1,1,1,3,1,1,1,1,2,1,1,0,1,0,0,1,0,0,0,0,0,0,0,0
111,4,3,3,2,3,3,3,3,2,3,3,2,1,2,3,3,3,1,1,1,1,2,1,1,1,3,1,1,2,2,1,2,2,1,2,2,0,2,0,0,0,0,0,0,0,0
115,1,1,1,1,1,1,1,1,1,1,1,1,1,1,1,1,1,1,1,1,1,1,1,1,1,1,0,1,1,1,0,1,1,1,1,1,0,1,0,0,0,0,0,0,0,0
116,6,5,6,4,3,3,2,5,3,3,3,3,2,5,4,3,5,3,3,2,3,2,4,1,4,5,0,1,1,1,1,1,1,1,1,1,0,3,0,0,0,0,0,0,0,0
117,1,1,1,1,1,1,1,1,1,1,1,1,1,1,1,1,1,1,1,1,1,1,1,1,1,1,1,1,1,1,1,1,1,1,1,0,0,1,0,0,0,0,0,0,0,0
118,3,1,2,3,2,1,2,2,1,2,1,2,2,2,3,3,3,1,1,1,1,1,1,1,1,2,1,1,1,1,1,1,1,1,1,1,0,0,0,0,0,0,0,0,0,0
119,4,3,4,3,2,3,2,3,1,1,3,3,2,2,4,2,2,0,0,0,0,1,0,0,0,3,0,0,0,0,0,0,0,0,0,0,0,2,0,0,0,0,0,0,0,0
120,2,2,2,2,1,1,2,1,1,1,1,1,1,1,2,2,2,1,1,1,1,1,1,1,1,1,1,1,1,1,1,1,1,1,1,0,0,1,0,0,0,0,0,0,0,0
301,9,6,7,5,1,2,4,2,1,2,1,1,1,1,4,2,1,1,1,0,1,1,0,0,1,1,0,0,0,0,0,0,0,0,0,0,0,3,0,0,0,0,0,0,0,0
302,1,1,1,1,1,0,1,0,0,1,0,0,0,0,1,0,0,0,0,0,0,1,0,0,0,0,0,0,0,0,0,0,0,0,0,0,0,0,0,0,0,0,0,0,0,0
303,3,2,2,1,1,1,1,1,1,1,0,0,0,2,1,1,1,0,1,0,0,1,0,0,0,0,0,0,0,0,0,0,0,0,0,0,0,0,0,0,0,0,0,0,0,0
304,2,0,0,0,0,0,0,0,0,0,0,0,0,2,0,0,0,0,0,0,0,0,0,0,0,0,0,0,0,0,0,0,0,0,0,0,0,0,0,0,0,0,0,0,0,0
305,1,1,1,1,1,1,1,1,1,1,1,1,1,1,1,1,1,1,1,0,1,1,1,1,1,1,0,0,0,0,0,0,0,0,0,0,0,1,0,0,0,0,0,0,0,0
306,3,1,3,1,1,1,1,1,1,1,1,1,1,2,2,1,1,1,1,0,1,1,1,1,1,1,1,1,1,0,1,0,0,0,1,0,0,1,0,0,0,0,0,0,0,0
309,1,1,1,1,1,1,1,1,1,1,1,1,0,1,1,1,1,1,1,1,1,1,1,1,1,1,0,1,0,1,0,1,0,0,0,0,0,1,0,0,0,0,0,0,0,0
310,1,1,1,1,1,1,1,1,0,1,0,0,0,0,1,1,1,0,0,0,0,1,0,0,0,0,0,0,0,0,0,0,0,0,0,0,0,1,0,0,0,0,0,0,0,0
312,1,0,0,0,0,0,0,0,0,0,0,0,0,1,0,0,0,0,0,0,0,0,0,0,0,0,0,0,0,0,0,0,0,0,0,0,0,0,0,0,0,0,0,0,0,0
315,2,2,2,1,1,1,1,2,1,1,1,1,0,1,2,1,1,1,0,0,0,1,0,0,0,1,0,0,0,0,0,0,0,0,0,0,0,1,0,0,0,0,0,0,0,0
318,2,1,2,2,1,1,1,1,1,1,1,1,0,1,2,1,1,1,1,0,1,1,1,0,0,1,0,0,0,0,0,0,0,0,0,0,0,1,0,0,0,0,0,0,0,0
319,4,3,4,4,3,2,3,2,2,3,2,2,2,2,4,4,3,1,1,0,1,3,1,0,0,1,0,0,0,0,0,0,0,0,1,0,0,2,0,0,0,0,0,0,0,0
320,4,3,4,3,1,2,2,3,1,2,2,2,1,1,4,2,2,1,1,0,1,2,1,0,1,1,0,0,0,0,0,0,0,0,0,0,0,1,0,0,0,0,0,0,0,0
322,3,2,3,2,1,1,2,1,1,1,1,1,1,1,2,1,2,0,1,0,0,1,1,0,0,1,0,0,0,0,0,0,0,0,0,0,0,0,0,0,0,0,0,0,0,0
323,3,2,3,2,1,1,0,1,0,2,0,0,1,0,2,1,0,0,0,0,0,0,0,0,0,2,0,0,0,0,0,0,0,0,0,0,0,1,0,0,0,0,0,0,0,0
324,3,1,1,2,1,1,2,1,1,1,1,1,1,2,2,2,2,1,1,0,1,1,1,0,1,1,0,0,0,0,0,0,0,0,0,0,0,1,0,0,0,0,0,0,0,0
325,4,3,3,3,2,1,1,1,1,1,1,1,1,3,3,1,2,1,1,1,1,1,1,1,1,1,1,1,1,1,1,1,1,1,1,1,0,2,0,0,0,0,0,0,0,0
326,7,2,4,4,3,2,3,3,2,4,2,2,1,4,4,3,4,1,2,1,1,3,2,1,1,3,0,1,1,1,2,1,1,0,1,0,0,2,0,0,0,0,0,0,0,0
327,3,3,3,3,2,2,2,2,2,2,2,2,2,2,3,2,2,2,2,1,2,2,2,1,2,2,1,2,1,1,1,1,1,0,0,1,0,2,0,0,0,0,0,0,0,0
328,3,2,3,3,1,1,1,1,1,1,1,1,0,2,2,1,2,1,1,0,1,1,1,0,0,2,0,0,0,0,0,0,0,0,0,0,0,1,0,0,0,0,0,0,0,0
329,4,2,2,4,1,1,0,0,0,0,0,0,1,0,1,2,2,1,0,0,0,0,0,0,0,0,0,0,0,0,0,0,0,0,0,0,0,0,0,0,0,0,0,0,0,0
501,4,3,3,3,0,1,3,2,0,1,0,1,0,1,3,2,2,0,0,0,0,1,0,0,0,1,0,0,0,0,0,0,0,0,0,0,0,1,0,0,0,0,0,0,0,0
504,1,1,1,1,1,1,1,1,1,1,1,1,1,1,1,1,1,0,0,0,0,1,1,1,0,1,0,1,0,0,0,0,0,0,0,0,0,1,0,0,0,0,0,0,0,0
505,1,1,1,1,1,1,1,1,1,1,0,1,0,0,1,1,1,0,0,0,0,1,1,1,0,1,0,1,0,0,0,0,0,0,0,0,0,0,0,0,0,0,0,0,0,0
506,2,0,1,1,1,1,1,1,0,1,0,1,1,1,1,1,1,0,0,0,0,1,0,0,0,0,0,0,0,0,0,0,0,0,0,0,0,1,0,0,0,0,0,0,0,0
507,1,1,1,0,1,0,0,0,0,0,0,0,0,0,0,0,0,0,0,0,0,0,0,0,0,0,0,0,0,0,0,0,0,0,0,0,0,0,0,0,0,0,0,0,0,0
509,1,1,1,1,1,1,1,1,1,1,1,1,0,1,1,1,1,1,1,0,1,1,1,1,0,1,0,1,0,1,0,1,1,0,1,0,0,1,0,0,0,0,0,0,0,0
527,2,0,1,0,0,0,0,2,0,0,0,0,0,1,0,0,1,0,0,0,0,0,0,0,0,0,0,0,0,0,0,0,0,0,0,0,0,1,0,0,0,0,0,0,0,0
529,1,1,1,0,0,0,0,0,0,0,0,0,0,0,0,0,0,0,0,0,0,0,0,0,0,0,0,0,0,0,0,0,0,0,0,0,0,0,0,0,0,0,0,0,0,0
531,5,2,4,5,3,3,2,2,2,2,2,2,1,2,3,3,3,1,1,1,1,2,1,1,1,2,0,1,1,1,0,1,1,0,1,0,0,2,0,0,0,0,0,0,0,0
532,3,2,3,2,2,2,2,3,2,2,2,2,2,2,2,2,2,1,2,0,1,2,2,2,0,2,0,1,0,0,0,1,0,1,1,0,0,2,0,0,0,0,0,0,0,0
534,7,3,6,4,3,4,4,2,2,2,3,1,2,2,5,3,3,1,2,0,0,2,2,1,0,1,0,1,0,0,0,0,0,0,0,0,0,1,0,0,0,0,0,0,0,0
535,5,2,2,1,2,2,1,1,1,1,2,1,1,1,2,1,1,1,1,1,1,1,1,1,2,1,1,1,1,1,1,1,1,1,0,1,0,0,1,0,0,0,1,1,0,0
537,1,1,1,1,1,1,1,1,1,1,1,1,1,1,1,1,1,1,1,0,1,1,1,1,0,1,0,1,0,0,0,0,0,0,0,0,0,1,0,0,0,0,0,0,0,0
701,7,4,6,3,2,2,3,2,0,2,0,3,0,1,5,1,1,0,1,0,0,1,0,0,0,1,0,0,0,0,0,0,0,0,0,0,0,1,0,0,0,0,0,0,0,0
702,7,3,6,6,2,2,4,4,1,4,1,1,1,3,6,4,4,1,1,0,0,2,1,1,0,4,0,1,0,1,0,1,1,0,0,0,0,3,0,0,0,0,0,0,0,0
703,3,1,3,2,1,1,2,2,1,1,1,1,1,1,2,1,1,0,1,0,0,1,0,0,0,1,0,0,0,0,0,0,0,0,0,0,0,1,0,0,0,0,0,0,0,0
704,1,1,0,0,0,0,1,0,0,0,0,0,0,0,0,0,0,0,0,0,0,0,0,0,0,0,0,0,0,0,0,0,0,0,0,0,0,0,0,0,0,0,0,0,0,0
705,2,2,1,1,1,1,2,0,1,1,1,1,0,1,1,1,1,0,0,0,0,0,1,0,0,1,0,0,0,0,0,0,0,0,0,0,0,0,0,0,0,0,0,0,0,0
706,3,0,1,1,1,1,0,0,0,0,0,0,0,1,0,0,0,0,0,0,0,0,0,0,0,0,0,0,0,0,0,0,0,0,0,0,0,0,0,0,0,0,0,0,0,0
710,1,1,1,1,1,1,1,1,1,1,1,1,1,1,1,1,1,1,1,1,1,1,1,1,1,1,1,1,1,1,1,1,1,0,1,1,0,1,0,0,0,0,0,0,0,0
711,1,1,1,0,0,0,0,0,0,0,0,0,0,0,0,0,0,0,0,0,0,0,0,0,0,0,0,0,0,0,0,0,0,0,0,0,0,0,0,0,0,0,0,0,0,0
712,3,2,2,2,2,2,2,2,2,2,2,1,2,3,3,2,2,2,2,1,1,2,2,1,1,2,0,2,0,1,1,1,0,1,1,1,0,2,0,0,0,0,0,0,0,0
715,3,1,2,3,0,1,1,1,1,1,1,1,0,1,2,1,1,1,1,0,0,1,1,0,0,0,0,0,0,0,0,0,0,0,0,0,0,0,0,0,0,0,0,0,0,0
729,4,3,3,1,3,2,2,1,1,1,1,1,0,1,1,1,2,1,1,0,1,1,1,0,0,1,0,0,0,0,0,0,0,0,0,0,0,1,0,0,0,0,0,0,0,0
730,8,4,4,5,5,6,3,3,3,3,2,4,3,2,3,7,5,3,2,1,2,2,4,2,1,3,0,1,0,1,0,1,1,0,1,0,0,3,0,0,0,0,0,0,0,0
731,6,2,3,3,3,3,3,1,1,2,1,0,0,0,2,4,2,0,0,0,0,1,1,1,0,1,0,0,0,0,0,0,0,0,0,0,0,1,0,0,0,0,0,0,0,0
732,9,4,6,6,3,4,4,2,2,2,2,2,2,2,4,3,4,1,2,1,1,2,2,1,1,2,1,2,1,1,1,1,1,1,2,1,0,2,0,0,0,0,0,0,0,0
733,4,0,2,0,1,0,2,0,1,1,0,0,0,1,2,1,1,0,0,0,0,0,0,0,0,0,0,0,0,0,0,0,0,0,0,0,0,0,0,0,0,0,0,0,0,0
734,6,3,3,3,2,2,4,1,3,1,1,1,1,1,3,5,2,1,1,0,0,1,1,1,0,0,0,1,0,0,1,0,0,0,0,0,0,0,0,0,0,0,0,0,0,0
735,8,6,6,5,5,4,4,5,3,4,4,5,4,4,5,4,5,2,3,1,2,4,3,2,1,4,0,2,1,1,1,0,0,0,1,0,0,3,0,0,0,0,0,0,0,0
736,3,1,1,1,2,2,0,1,0,1,0,0,0,0,1,0,0,0,0,0,0,0,0,0,0,0,0,0,0,0,0,0,0,0,0,0,0,0,0,0,0,0,0,0,0,0
737,1,1,1,1,1,0,0,0,0,0,0,0,0,0,1,0,0,0,0,0,0,0,0,0,0,1,0,0,0,0,0,0,0,0,0,0,0,1,0,0,0,0,0,0,0,0
738,3,1,2,2,2,2,2,2,0,1,1,1,1,1,2,2,2,1,1,0,1,1,1,1,0,1,0,0,0,0,0,0,0,0,1,0,0,0,0,0,0,0,0,0,0,0
1101,2,0,1,1,0,1,1,0,0,1,0,0,0,1,0,0,0,0,0,0,0,0,0,0,0,0,0,0,0,0,0,0,0,0,0,0,0,0,0,0,0,0,0,0,0,0
1103,1,1,1,1,0,0,1,1,0,1,0,0,1,0,1,1,1,0,0,0,0,1,0,0,0,1,0,0,0,0,0,0,0,0,0,0,0,0,0,0,0,0,0,0,0,0
1104,1,0,1,1,1,1,1,0,0,1,0,0,0,1,1,1,1,0,0,0,0,0,0,0,0,1,0,0,0,0,0,0,0,0,0,0,0,0,0,0,0,0,0,0,0,0
1106,3,1,1,1,1,1,1,1,1,1,1,1,1,3,1,1,1,1,1,1,1,1,1,1,1,1,0,1,1,1,1,0,1,0,1,0,0,1,0,0,0,0,0,0,0,0
1107,2,2,2,2,2,1,2,1,1,1,1,2,1,1,2,1,1,0,1,0,0,1,0,0,0,2,0,0,0,0,0,0,0,0,0,0,0,1,0,0,0,0,0,0,0,0
1201,4,3,3,4,4,4,4,3,4,3,4,3,3,2,4,4,4,1,2,0,1,4,3,1,1,4,0,1,1,0,1,0,0,0,0,0,0,1,0,0,0,0,0,0,0,0
1204,5,3,5,5,2,3,2,3,2,3,2,2,2,3,2,2,2,1,2,1,1,2,1,1,1,3,0,1,1,1,1,0,0,0,1,0,0,1,0,0,0,0,0,0,0,0
2201,3,3,3,3,2,3,3,3,3,3,2,2,3,3,3,3,3,2,2,1,2,3,1,2,1,3,0,2,1,1,0,1,1,0,1,1,0,2,0,0,0,0,0,0,0,0
2202,8,5,8,4,1,2,3,2,2,2,1,3,0,2,5,2,3,1,1,0,1,2,1,2,0,2,0,0,0,0,0,0,0,0,0,0,0,3,0,0,0,0,0,0,0,0
3101,7,5,7,4,2,2,3,3,1,4,1,1,1,1,6,2,3,2,1,1,1,1,1,1,1,1,1,1,1,1,0,0,0,0,1,1,0,1,0,0,0,0,0,0,0,0
3102,4,3,4,4,1,1,2,2,1,3,1,1,1,1,4,2,2,0,1,0,1,2,1,2,0,1,0,0,0,0,0,0,0,0,0,0,0,1,0,0,0,0,0,0,0,0
3103,2,1,2,1,1,1,1,1,1,1,1,1,1,1,2,1,1,0,1,0,0,1,0,1,0,1,0,0,0,0,0,0,0,0,0,0,0,1,0,0,0,0,0,0,0,0
3104,4,3,3,2,2,2,1,1,1,2,1,1,1,1,2,1,1,1,1,1,1,1,1,1,1,1,1,1,1,1,1,1,1,0,1,1,0,0,0,0,0,0,0,0,0,0
3105,7,2,5,5,2,2,4,3,2,2,2,2,2,5,5,3,3,2,2,2,2,2,2,2,2,2,0,2,1,2,0,2,1,0,2,2,0,2,0,0,0,0,0,0,0,0
3106,9,3,8,6,4,5,4,3,1,4,2,3,1,3,4,3,3,1,1,0,1,3,1,2,1,2,0,0,0,0,0,0,0,0,0,0,0,2,0,0,0,0,0,0,0,0
3107,1,1,1,1,0,0,1,1,0,1,0,0,0,0,1,1,1,0,0,0,0,1,0,0,0,0,0,0,0,0,0,0,0,0,0,0,0,0,0,0,0,0,0,0,0,0
3108,1,0,0,0,0,0,0,0,0,0,0,0,0,1,0,0,0,0,0,0,0,0,0,0,0,0,0,0,0,0,0,0,0,0,0,0,0,0,0,0,0,0,0,0,0,0
3109,3,2,3,1,1,2,1,1,1,1,1,1,1,1,1,1,1,1,1,0,1,1,1,1,0,1,0,1,0,1,1,1,0,0,1,1,0,1,0,0,0,0,0,0,0,0
3110,3,1,1,1,1,1,1,1,1,1,1,1,1,3,1,1,1,1,1,1,1,1,1,1,0,1,0,1,1,1,0,1,1,0,1,0,0,1,0,0,0,0,0,0,0,0
3111,1,1,1,1,1,1,1,1,1,1,1,1,1,1,1,1,1,1,1,0,1,1,1,0,0,1,0,0,0,0,0,1,0,0,1,0,0,0,0,0,0,0,0,0,0,0
3112,1,0,1,1,0,0,1,0,0,0,0,0,0,0,0,0,0,0,0,0,0,0,0,0,0,0,0,0,0,0,0,0,0,0,0,0,0,0,0,0,0,0,0,0,0,0
3113,5,4,5,3,2,1,3,1,1,2,1,1,1,1,5,1,1,1,1,0,1,1,1,1,1,1,0,0,1,1,1,0,0,0,1,0,0,1,0,0,0,0,0,0,0,0
3116,1,1,1,1,1,1,1,1,1,1,1,1,1,1,1,1,1,1,1,1,1,1,1,1,1,1,0,1,1,0,0,0,0,0,1,0,0,0,0,0,0,0,0,0,0,0
3121,1,0,0,0,0,0,0,0,0,0,0,0,0,1,0,0,0,0,0,0,0,0,0,0,0,0,0,0,0,0,0,0,0,0,0,0,0,0,0,0,0,0,0,0,0,0
3123,1,0,0,0,0,0,0,0,0,0,0,0,0,1,0,0,0,0,0,0,0,0,0,0,0,0,0,0,0,0,0,0,0,0,0,0,0,0,0,0,0,0,0,0,0,0
3127,1,1,1,1,1,0,1,1,0,1,0,0,0,0,1,0,1,0,0,0,0,1,0,0,0,1,0,0,0,0,0,0,0,0,0,0,0,0,0,0,0,0,0,0,0,0
3201,9,6,6,7,5,5,4,6,4,6,3,3,2,5,7,5,5,2,3,1,3,4,1,4,1,3,0,1,0,0,1,0,0,0,1,1,0,2,0,0,0,0,0,0,0,0
3202,10,5,8,8,5,4,5,3,1,5,1,3,1,1,6,2,6,0,1,0,0,2,0,4,0,3,0,0,0,0,0,0,0,0,0,0,0,0,0,0,0,0,0,0,0,0
3204,2,2,2,2,2,2,2,2,1,2,1,1,0,1,2,2,2,1,0,0,0,2,0,1,1,2,0,0,0,0,0,0,0,0,0,0,0,1,0,0,0,0,0,0,0,0
3206,2,1,1,0,0,1,0,0,0,0,0,1,0,1,1,0,1,0,0,0,0,0,0,0,0,0,0,0,0,0,0,0,0,0,0,0,0,0,0,0,0,0,0,0,0,0
3207,3,2,3,3,2,2,2,2,1,2,2,2,2,2,3,2,2,1,2,1,2,2,2,1,1,2,1,1,2,2,2,1,1,1,2,1,0,2,0,0,0,0,0,0,0,0
3209,2,2,2,2,1,2,1,2,1,2,1,1,1,1,2,1,2,2,0,1,1,1,1,1,0,1,0,0,0,0,0,0,0,0,1,0,0,1,0,0,0,0,0,0,0,0
3210,5,1,3,3,3,3,3,1,1,1,1,1,1,1,2,3,2,1,1,0,1,1,1,1,1,1,0,1,0,0,0,0,0,0,0,0,0,1,0,0,0,0,0,0,0,0
3211,1,1,1,1,1,0,1,1,1,1,1,0,0,0,1,1,1,0,0,0,0,1,0,0,0,0,0,0,0,0,0,0,0,0,0,0,0,1,0,0,0,0,0,0,0,0
3301,1,1,0,0,0,0,0,0,0,0,0,0,0,1,0,0,0,0,0,0,0,0,0,0,0,0,0,0,0,0,0,0,0,0,0,0,0,0,0,0,0,0,0,0,0,0
3303,3,2,3,2,0,1,2,2,1,1,1,0,0,1,2,1,1,0,1,0,0,1,0,0,0,1,0,0,0,0,0,0,0,0,0,0,0,1,0,0,0,0,0,0,0,0
3305,5,5,5,4,3,3,4,3,2,3,3,2,2,3,4,3,3,2,2,1,2,3,1,4,0,3,1,1,0,0,0,0,0,0,0,0,0,1,0,0,0,0,0,0,0,0
3306,1,1,1,1,1,1,1,0,0,1,0,1,0,1,1,1,1,0,0,0,0,1,0,1,0,0,0,0,0,0,0,0,0,0,0,0,0,0,0,0,0,0,0,0,0,0
3401,2,2,2,2,2,2,2,1,1,1,1,1,1,1,1,2,2,1,1,0,1,2,1,1,1,1,0,1,0,0,0,0,0,0,0,1,0,1,0,0,0,0,0,0,0,0
3402,2,2,2,2,2,2,2,2,2,2,2,2,2,2,2,2,2,2,2,0,2,2,2,2,0,2,0,1,1,0,0,0,0,0,1,0,0,0,0,0,0,0,0,0,0,0
3403,1,1,1,0,0,0,1,1,0,0,0,1,0,1,1,1,0,0,0,0,0,1,0,0,0,0,0,0,0,0,0,0,0,0,0,0,0,0,0,0,0,0,0,0,0,0
3405,1,1,1,1,0,0,1,0,0,0,0,1,0,0,1,0,0,0,0,0,0,0,0,0,0,0,0,0,0,0,0,0,0,0,0,0,0,0,0,0,0,0,0,0,0,0
3406,1,0,0,0,0,0,0,0,0,0,0,0,0,1,0,0,0,0,0,0,0,0,0,0,0,0,0,0,0,0,0,0,0,0,0,0,0,0,0,0,0,0,0,0,0,0
3407,2,1,2,1,1,1,1,1,0,1,1,1,0,2,2,1,1,0,0,0,0,0,0,0,0,1,0,0,0,0,0,0,0,0,0,0,0,2,0,0,0,0,0,0,0,0
3501,6,5,4,4,2,3,4,2,2,3,1,1,0,2,4,3,3,1,2,0,1,2,2,2,0,2,0,0,0,0,0,0,0,0,0,0,0,1,0,0,0,0,0,0,0,0
3502,1,1,1,1,1,1,1,1,0,0,0,0,0,0,1,1,1,0,0,0,0,1,0,0,0,0,0,0,0,0,0,0,0,0,0,0,0,0,0,0,0,0,0,0,0,0
3503,1,1,1,0,0,0,1,0,0,0,0,0,0,0,1,0,0,0,0,0,0,1,0,0,0,0,0,0,0,0,0,0,0,0,0,0,0,0,0,0,0,0,0,0,0,0
3504,2,0,2,2,1,1,1,0,0,0,0,0,0,0,0,1,0,0,0,0,0,0,0,0,0,0,0,0,0,0,0,0,0,0,0,0,0,1,0,0,0,0,0,0,0,0
3505,2,2,2,2,1,2,2,1,2,2,1,1,0,1,1,2,2,1,1,0,0,1,0,0,0,1,0,0,0,0,0,0,0,0,0,0,0,1,0,0,0,0,0,0,0,0
3508,1,0,1,0,0,0,0,0,0,0,0,0,0,0,1,0,0,0,0,0,0,1,0,0,0,1,0,0,0,0,0,0,0,0,0,0,0,0,0,0,0,0,0,0,0,0
3513,1,0,1,0,0,0,0,0,0,0,0,1,0,0,1,0,0,0,0,0,0,0,0,0,0,0,0,0,0,0,0,0,0,0,0,0,0,1,0,0,0,0,0,0,0,0
3701,8,4,5,6,5,5,5,2,3,3,3,4,3,3,4,4,4,2,2,1,2,3,2,3,2,3,0,2,2,2,2,2,0,0,2,0,0,3,0,0,0,0,0,0,0,0
3702,2,2,2,2,2,2,2,2,2,2,1,1,1,2,2,2,2,2,1,0,1,2,1,1,0,2,1,1,1,0,0,0,0,0,1,0,0,2,0,0,0,0,0,0,0,0
3703,1,1,1,1,0,0,1,0,0,0,0,0,0,0,1,0,0,0,0,0,0,0,0,0,0,1,0,0,0,0,0,0,0,0,0,0,0,0,0,0,0,0,0,0,0,0
3704,1,0,1,1,1,1,0,0,0,0,0,0,0,0,1,0,0,0,0,0,0,0,0,0,0,0,0,0,0,0,0,0,0,0,0,0,0,0,0,0,0,0,0,0,0,0
3705,8,4,5,6,3,4,3,3,3,2,1,1,1,2,6,2,4,0,1,0,0,4,1,0,0,2,0,1,0,0,0,0,0,0,0,0,0,2,0,0,0,0,0,0,0,0
3706,1,1,1,0,0,0,1,0,0,0,0,0,0,0,0,0,0,0,0,0,0,0,0,0,0,0,0,0,0,0,0,0,0,0,0,0,0,0,0,0,0,0,0,0,0,0
3707,2,0,2,1,0,1,1,1,0,0,0,0,0,0,0,0,0,0,0,0,0,0,0,0,0,0,0,0,0,0,0,0,0,0,0,0,0,1,0,0,0,0,0,0,0,0
3708,3,3,3,3,1,1,1,1,0,1,0,1,0,1,2,1,1,0,0,0,0,1,0,0,0,1,0,0,0,0,0,0,0,0,0,0,0,2,0,0,0,0,0,0,0,0
3710,1,0,1,0,0,0,0,0,0,0,0,0,0,0,1,0,0,0,0,0,0,0,0,0,0,0,0,0,0,0,0,0,0,0,0,0,0,0,0,0,0,0,0,0,0,0
3715,1,0,1,0,0,0,0,0,0,0,0,0,0,0,1,0,0,0,0,0,0,0,0,0,0,0,0,0,0,0,0,0,0,0,0,0,0,0,0,0,0,0,0,0,0,0
3717,1,1,1,1,1,1,1,1,1,1,1,1,1,1,1,1,1,1,1,0,0,1,0,0,0,1,0,0,0,0,0,0,0,0,0,0,0,1,0,0,0,0,0,0,0,0
3801,2,2,2,2,1,1,2,2,1,2,0,2,1,1,2,2,2,1,1,1,1,2,1,0,0,1,0,0,0,0,0,0,0,0,0,0,0,2,0,0,0,0,0,0,0,0
3802,2,2,2,2,2,2,2,2,1,2,2,2,1,2,2,2,2,1,1,0,0,2,1,1,0,2,0,0,0,0,0,0,0,0,0,0,0,2,0,0,0,0,0,0,0,0
3803,4,3,4,3,1,1,1,1,1,1,1,1,1,1,3,1,1,0,0,0,0,2,0,0,0,1,0,0,0,0,0,0,0,0,1,0,0,1,0,0,0,0,0,0,0,0
3804,2,2,2,1,1,1,1,2,1,1,1,0,0,0,2,2,2,0,0,0,0,2,0,0,0,1,0,0,0,0,0,0,0,0,0,0,0,2,0,0,0,0,0,0,0,0
3901,6,4,5,4,2,4,4,2,2,2,2,1,1,3,4,2,3,1,2,1,1,2,1,2,1,2,0,1,0,0,0,0,1,0,1,0,0,1,0,0,0,0,0,0,0,0
3902,1,0,1,0,1,1,1,0,0,1,0,0,0,0,0,0,0,0,0,0,0,0,0,0,0,0,0,0,0,0,0,0,0,0,0,0,0,0,0,0,0,0,0,0,0,0
3903,1,1,1,1,1,1,1,1,0,1,0,1,0,1,1,1,1,0,1,0,0,1,0,1,0,1,0,0,0,0,0,0,0,0,0,0,0,1,0,0,0,0,0,0,0,0
3904,1,1,1,1,1,1,1,1,1,1,0,0,0,0,1,1,1,1,0,0,0,1,0,0,0,1,0,0,0,0,0,0,0,0,0,0,0,1,0,0,0,0,0,0,0,0
3905,1,1,1,0,0,0,0,0,0,0,0,0,0,0,0,0,0,0,0,0,0,0,0,0,0,0,0,0,0,0,0,0,0,0,0,0,0,0,0,0,0,0,0,0,0,0
3906,4,2,3,1,1,1,2,1,1,1,1,0,0,1,2,2,1,1,1,0,1,1,0,0,0,1,0,0,0,0,0,0,0,0,0,0,0,1,0,0,0,0,0,0,0,0
3913,1,0,1,1,1,1,1,1,1,1,0,0,0,0,1,1,1,0,0,0,0,1,0,0,0,1,0,0,0,0,0,0,0,0,0,0,0,1,0,0,0,0,0,0,0,0
4001,2,2,2,2,1,2,2,1,1,2,1,2,1,2,2,2,1,1,1,1,1,2,1,1,1,2,0,1,0,1,0,0,0,0,1,0,0,2,0,0,0,0,0,0,0,0
4003,1,1,1,1,1,1,1,1,1,1,1,1,1,1,1,1,1,1,1,1,1,1,1,1,1,1,0,1,1,0,0,0,0,0,1,1,0,1,0,0,0,0,0,0,0,0
4014,1,1,1,1,1,1,0,0,0,0,0,0,0,1,1,0,1,0,0,0,0,0,0,0,0,1,0,0,0,0,0,0,0,0,0,0,0,1,0,0,0,0,0,0,0,0
4301,10,6,8,6,6,6,6,5,4,5,4,3,3,4,7,6,5,4,5,0,2,5,3,3,0,5,0,0,0,0,0,1,0,0,1,0,0,4,0,0,0,0,0,0,0,0
4302,2,1,1,1,1,0,2,0,0,1,0,0,0,0,2,1,0,0,0,0,0,1,0,0,0,0,0,0,0,0,0,0,0,0,0,0,0,0,0,0,0,0,0,0,0,0
4303,2,2,2,2,2,2,2,2,2,2,2,2,2,2,2,2,2,1,2,0,1,2,2,1,0,1,0,1,0,0,0,0,0,0,1,1,0,0,0,0,0,0,0,0,0,0
4304,3,3,3,3,2,1,1,1,0,1,1,1,0,1,1,2,1,0,0,0,0,3,1,1,0,1,0,0,0,0,0,0,0,0,0,0,0,1,0,0,0,0,0,0,0,0
4306,1,0,0,0,0,0,0,0,0,0,0,0,0,1,0,0,0,0,0,0,0,0,0,0,0,0,0,0,0,0,0,0,0,0,0,0,0,0,0,0,0,0,0,0,0,0
4311,1,0,0,1,1,0,1,1,0,1,0,0,0,0,0,0,0,0,0,0,0,1,0,0,0,0,0,0,0,0,0,0,0,0,0,0,0,0,0,0,0,0,0,0,0,0
4313,2,1,1,1,0,1,0,1,0,0,0,0,0,2,1,1,1,0,0,0,0,1,0,0,0,0,0,0,0,0,0,0,0,0,0,0,0,1,0,0,0,0,0,0,0,0
4315,1,0,0,0,0,0,0,0,0,0,0,0,0,1,0,0,0,0,0,0,0,0,0,0,0,0,0,0,0,0,0,0,0,0,0,0,0,0,0,0,0,0,0,0,0,0
4316,1,1,1,1,1,1,1,1,1,1,0,0,0,0,1,1,1,0,0,0,0,1,0,1,0,0,0,0,0,0,0,0,0,0,0,0,0,0,0,0,0,0,0,0,0,0
4401,3,2,3,2,3,1,2,1,1,2,1,0,0,2,2,0,2,0,0,0,0,2,0,1,0,1,0,0,0,0,0,0,0,0,0,0,0,0,0,0,0,0,0,0,0,0
4501,3,3,3,3,3,3,3,3,2,3,2,3,2,3,3,3,3,2,3,1,2,3,2,1,2,3,1,2,1,1,1,1,0,0,1,1,0,3,0,0,0,0,0,0,0,0
4502,1,0,1,1,0,0,1,0,0,1,0,1,0,1,0,0,1,0,0,0,0,1,0,0,1,0,0,0,0,0,0,0,0,0,0,0,0,0,0,0,0,0,0,0,0,0
4503,3,2,3,2,1,2,2,1,0,1,1,0,0,2,1,2,2,0,0,0,0,1,0,0,1,3,0,0,0,0,0,0,0,0,0,0,0,2,0,0,0,0,0,0,0,0
4504,1,1,1,1,1,1,1,1,1,1,1,0,0,1,1,1,1,0,1,0,0,1,1,0,0,1,0,0,0,0,0,0,0,0,0,0,0,1,0,0,0,0,0,0,0,0
4506,1,1,1,0,0,0,0,0,0,0,0,0,0,1,1,0,0,0,0,0,0,0,0,0,0,0,0,0,0,0,0,0,0,0,0,0,0,1,0,0,0,0,0,0,0,0
4508,1,0,0,0,0,0,0,0,0,0,0,0,0,0,0,0,0,0,0,0,0,1,0,0,1,1,0,0,0,0,0,0,0,0,0,0,0,0,0,0,0,0,0,0,0,0
4601,5,4,5,5,4,4,4,3,2,3,2,2,2,4,5,3,5,2,1,0,2,3,0,0,0,3,0,1,0,0,0,0,0,0,0,0,0,4,0,0,0,0,0,0,0,0
4602,1,1,1,1,0,0,0,0,0,0,0,0,0,0,1,0,0,0,0,0,0,0,0,0,0,1,0,0,0,0,0,0,0,0,0,0,0,0,0,0,0,0,0,0,0,0
4603,1,1,1,1,0,1,1,0,0,0,0,0,0,0,1,0,0,0,0,0,0,1,0,0,0,0,0,0,0,0,0,0,0,0,0,0,0,1,0,0,0,0,0,0,0,0
9003,1,1,1,1,1,1,1,1,1,1,1,1,1,1,1,1,1,0,0,0,0,1,0,0,0,1,0,0,0,0,0,0,0,0,0,0,0,0,0,0,0,0,0,0,0,0
9101,1,1,1,1,1,1,1,0,0,1,0,0,0,0,1,1,0,0,0,0,0,1,0,0,0,1,0,0,0,0,0,0,0,0,0,0,0,0,0,0,0,0,0,0,0,0
