鄉鎮市區碼,診所家數,家庭醫學科,內科,外科,兒科,婦產科,骨科,神經科,神經外科,泌尿科,耳鼻喉科,眼科,皮膚科,精神科,復健科,麻醉科,放射診斷科,放射腫瘤科,解剖病理科,臨床病理科,核子醫學科,急診醫學科,整形外科,職業醫學科,西醫一般科,牙醫一般科,口腔病理科,口腔顎面外科,齒顎矯正科,牙周病科,兒童牙科,牙髓病科,?復補綴牙科,牙體復形科,家庭牙醫科,特殊需求者口腔醫學科,植牙科,中醫一般科,中醫內科,中醫外科,中醫眼科,中醫兒科,中醫婦科,中醫傷科,中醫針灸科,中醫痔科
101,325,11,17,9,14,4,4,1,0,0,15,11,13,4,7,0,0,0,0,0,0,0,8,0,46,133,0,0,1,0,0,0,0,0,0,0,0,43,0,0,0,0,0,0,0,0
102,965,29,26,23,22,34,9,4,0,6,27,24,29,21,19,5,1,0,1,1,0,1,62,0,227,308,0,0,3,1,1,1,1,1,1,0,0,130,1,0,0,0,0,0,0,0
109,169,9,12,1,7,4,1,2,0,1,7,4,6,3,2,0,0,0,0,0,0,0,2,0,14,59,0,1,0,0,0,0,0,0,0,0,0,41,1,0,0,0,0,0,0,0
110,534,23,23,9,16,25,7,4,0,4,18,11,15,14,11,0,0,0,0,0,0,1,23,0,101,171,0,1,4,1,0,0,0,0,0,0,0,87,0,0,0,0,0,0,0,0
111,289,10,22,6,13,9,5,2,0,2,14,15,9,6,11,2,0,0,1,1,0,0,3,0,42,113,0,3,2,0,0,0,0,0,0,0,0,38,0,0,0,0,0,0,0,0
112,94,9,3,1,5,2,2,0,0,0,7,2,3,1,2,0,0,0,0,0,0,0,0,0,11,40,0,0,0,0,1,0,0,0,0,0,0,12,0,0,0,0,0,0,0,0
115,323,14,15,4,20,6,9,1,0,1,15,13,12,8,7,0,0,0,0,0,0,0,5,0,25,132,0,0,2,0,0,0,0,0,1,0,0,52,0,0,0,0,0,0,0,0
116,209,14,19,3,13,5,3,3,0,0,11,9,10,3,8,1,0,0,0,0,0,1,2,0,14,76,0,0,1,0,0,0,0,0,0,0,0,34,0,0,0,0,0,0,0,0
117,319,13,17,4,9,8,2,1,0,1,14,10,9,7,9,0,0,0,0,0,0,0,3,0,52,112,0,0,1,0,0,0,0,0,1,0,0,55,0,0,0,0,0,1,1,0
118,312,15,15,9,6,8,1,2,0,0,13,10,8,8,7,0,0,0,0,0,0,1,12,1,50,117,0,2,2,0,0,0,1,0,0,0,0,54,1,0,0,0,1,0,0,0
119,177,12,14,2,9,5,3,0,0,1,12,7,2,3,5,0,0,0,0,0,0,0,2,0,19,60,0,1,0,0,0,0,0,0,0,0,0,34,0,0,0,0,0,0,0,0
120,208,13,12,0,13,5,2,1,0,2,11,11,5,4,7,0,0,0,0,0,0,0,2,0,14,80,0,1,1,1,2,2,0,1,3,0,0,38,0,0,0,0,0,0,0,0
301,232,15,29,8,23,9,5,3,1,2,15,6,4,3,6,0,0,0,0,0,0,0,0,0,17,62,0,0,0,0,0,0,0,0,0,0,0,54,1,0,0,0,0,0,0,0
302,51,6,7,4,4,1,1,2,0,0,4,2,1,0,0,0,0,0,0,0,0,0,0,0,8,13,0,0,0,0,0,0,0,0,0,0,0,9,0,0,0,0,0,0,0,0
303,79,11,7,6,7,3,0,0,0,0,3,2,2,0,0,0,0,0,0,0,0,0,0,0,8,22,0,0,0,0,0,0,0,0,0,0,0,16,0,0,0,0,0,0,0,0
304,73,3,10,3,6,4,0,2,0,0,5,2,1,0,1,0,0,0,0,0,0,0,0,0,10,20,0,0,0,0,0,0,0,0,0,0,0,13,0,0,0,0,0,0,0,0
305,89,3,10,1,7,4,3,0,0,0,4,3,3,1,1,0,0,0,0,0,0,0,0,0,9,30,0,0,0,0,0,0,0,0,0,0,0,12,0,0,0,0,0,0,0,0
306,21,4,1,0,2,0,0,0,0,0,1,0,0,0,0,0,0,0,0,0,0,0,0,0,3,5,0,0,1,0,0,0,0,0,0,0,0,7,0,0,0,0,0,0,0,0
307,44,3,6,1,3,3,0,2,0,0,1,2,0,0,0,0,0,0,0,0,0,0,0,0,8,11,0,0,0,0,0,0,0,0,0,0,0,7,0,0,0,0,0,0,0,0
308,43,1,6,0,3,0,0,0,0,0,2,1,0,0,1,0,0,0,0,0,0,0,0,0,7,11,0,0,0,0,0,0,0,0,0,0,0,12,0,0,0,0,0,0,0,0
309,100,7,8,3,7,4,2,0,0,0,4,3,1,1,3,0,0,0,0,0,0,0,0,0,9,29,0,0,0,0,0,0,0,0,1,0,0,25,0,0,0,0,0,0,0,0
310,79,6,5,4,6,2,2,1,0,0,4,2,2,2,3,0,0,0,0,0,0,0,0,0,4,26,0,1,0,0,0,0,0,0,0,0,0,17,0,0,0,0,0,0,0,0
311,12,4,2,0,0,0,1,0,0,0,0,0,0,0,0,0,0,0,0,0,0,0,0,0,1,2,0,0,0,0,0,0,0,0,0,0,0,3,0,0,0,0,0,0,0,0
312,4,0,0,1,0,0,0,0,0,0,0,0,0,0,0,0,0,0,0,0,0,0,0,0,1,1,0,0,0,0,0,0,0,0,0,0,0,1,0,0,0,0,0,0,0,0
313,9,0,1,0,2,0,0,0,0,0,1,0,0,0,0,0,0,0,0,0,0,0,0,0,3,2,0,0,0,0,0,0,0,0,0,0,0,1,0,0,0,0,0,0,0,0
314,3,0,0,0,0,0,0,0,0,0,0,0,0,0,0,0,0,0,0,0,0,0,0,0,1,1,0,0,0,0,0,0,0,0,0,0,0,0,0,0,0,0,0,0,0,0
315,74,9,6,2,3,1,1,0,0,0,3,1,1,1,2,0,0,0,0,0,0,0,0,0,6,21,0,0,0,0,0,0,0,0,0,0,0,20,0,0,0,0,0,0,0,0
316,36,2,4,0,3,0,0,0,0,0,2,1,0,0,0,0,0,0,0,0,0,0,0,0,7,11,0,0,0,0,0,0,0,0,0,0,0,8,0,0,0,0,0,0,0,0
317,48,9,4,0,2,1,0,1,0,0,3,1,0,0,0,0,0,0,0,0,0,0,0,0,9,14,0,0,0,0,0,0,0,0,0,0,0,7,0,0,0,0,0,0,0,0
318,53,3,3,0,6,2,1,1,0,0,2,1,1,1,0,0,0,0,0,0,0,0,0,0,6,14,0,0,0,0,0,0,0,0,0,0,0,13,0,0,0,0,0,0,0,0
319,187,18,13,8,15,7,1,0,1,0,9,7,4,3,3,0,0,0,0,0,0,0,1,0,14,48,0,0,0,0,0,0,0,0,0,0,0,51,0,0,0,0,0,0,0,0
320,225,20,12,4,17,7,4,1,0,0,15,3,4,4,6,0,0,0,0,0,0,0,0,0,24,63,0,0,1,0,0,0,0,0,0,0,0,58,1,0,0,0,0,0,0,0
321,6,1,1,1,1,0,0,0,0,0,0,0,0,0,0,0,0,0,0,0,0,0,0,0,4,2,0,0,0,0,0,0,0,0,0,0,0,0,0,0,0,0,0,0,0,0
322,50,3,6,4,3,7,0,1,0,0,2,1,2,1,0,0,0,0,0,0,0,0,0,0,7,10,0,0,0,0,0,0,0,0,0,0,0,8,1,0,0,0,0,0,0,0
323,105,7,9,3,9,3,2,2,0,1,6,0,1,4,1,0,0,0,0,0,0,0,0,0,14,20,0,0,0,0,0,0,0,0,0,0,0,32,2,1,0,0,0,0,0,0
324,341,18,21,10,20,17,4,4,1,1,9,7,14,5,2,0,0,0,1,0,0,0,14,0,49,97,0,1,0,0,0,0,0,0,0,0,0,66,1,1,0,0,0,0,0,0
325,178,11,15,4,12,3,4,0,1,1,9,4,4,2,4,0,0,0,0,0,0,1,1,0,14,55,0,0,0,0,1,0,0,0,0,0,0,42,2,0,0,0,0,1,0,0
326,309,17,23,14,18,9,6,6,0,3,13,7,8,3,7,0,0,0,0,0,0,0,5,0,26,93,0,0,0,0,0,0,0,0,0,0,0,75,0,0,0,0,0,0,0,0
327,429,28,22,17,28,16,9,2,1,5,18,11,12,8,7,2,0,0,0,0,0,0,16,1,64,108,0,0,0,1,0,0,0,0,0,0,0,79,0,0,0,0,0,0,0,0
328,401,22,24,20,30,14,9,0,1,6,16,11,7,6,10,0,1,0,0,0,0,0,12,0,56,102,0,0,0,0,0,0,0,0,0,0,0,77,0,0,0,0,0,0,0,0
329,422,26,24,10,24,10,7,2,0,2,18,11,6,7,15,0,0,0,0,0,0,0,5,0,36,120,0,0,0,1,0,0,0,0,1,0,0,111,1,0,0,0,0,0,0,0
501,112,9,15,4,13,6,2,1,0,2,4,5,4,3,2,0,0,0,0,0,0,0,0,0,9,32,0,0,0,0,0,0,0,0,0,0,0,12,0,0,0,0,0,0,0,0
502,17,1,0,0,2,0,1,1,0,0,0,1,0,0,0,0,0,0,0,0,0,0,0,0,5,4,0,0,0,0,0,0,0,0,0,0,0,2,0,0,0,0,0,0,0,0
503,24,2,4,0,1,0,0,0,0,0,0,1,0,1,1,0,0,0,0,0,0,0,0,0,7,6,0,0,0,0,0,0,0,0,0,0,0,3,0,0,0,0,0,0,0,0
504,44,1,4,2,4,3,2,0,0,1,3,2,1,1,1,0,0,0,0,0,0,0,1,0,5,7,0,0,0,0,0,0,0,0,0,0,0,9,0,0,0,0,0,0,0,0
505,66,2,9,3,7,5,2,0,0,0,3,4,2,2,2,0,0,0,0,0,0,0,0,0,7,15,0,0,0,0,0,0,0,0,0,0,0,9,0,0,0,0,0,0,0,0
506,34,5,2,1,3,1,3,0,0,1,2,1,0,1,0,0,0,0,0,0,0,0,0,0,3,8,0,0,0,0,0,0,0,0,0,0,0,6,0,0,0,0,0,0,0,0
507,53,8,6,1,2,2,3,0,0,0,3,3,1,1,0,0,0,0,0,0,0,0,0,0,7,12,0,0,0,0,0,0,0,0,0,0,0,9,0,0,0,0,0,0,0,0
508,15,2,2,0,0,0,0,0,0,0,0,0,0,0,0,0,0,0,0,0,0,0,0,0,4,4,0,0,0,0,0,0,0,0,0,0,0,3,0,0,0,0,0,0,0,0
509,4,1,0,0,0,0,0,0,0,0,0,0,0,0,0,0,0,0,0,0,0,0,0,0,2,1,0,0,0,0,0,0,0,0,0,0,0,0,0,0,0,0,0,0,0,0
510,8,2,0,1,0,0,0,0,0,0,0,0,0,0,0,0,0,0,0,0,0,0,0,0,3,2,0,0,0,0,0,0,0,0,0,0,0,0,0,0,0,0,0,0,0,0
511,6,1,2,0,0,0,0,0,0,0,0,0,0,0,0,0,0,0,0,0,0,0,0,0,2,1,0,0,0,0,0,0,0,0,0,0,0,0,0,0,0,0,0,0,0,0
512,13,2,2,0,1,0,0,0,0,0,0,0,0,0,0,0,0,0,0,0,0,0,0,0,4,3,0,0,0,0,0,0,0,0,0,0,0,2,0,0,0,0,0,0,0,0
513,13,0,1,0,0,1,0,0,0,0,1,0,0,0,0,0,0,0,0,0,0,0,0,0,7,2,0,0,0,0,0,0,0,0,0,0,0,1,0,0,0,0,0,0,0,0
514,9,0,0,1,0,0,0,0,0,0,0,0,0,0,0,0,0,0,0,0,0,0,0,0,4,3,0,0,0,0,0,0,0,0,0,0,0,1,0,0,0,0,0,0,0,0
515,4,1,0,0,0,0,0,0,0,0,0,0,0,0,0,0,0,0,0,0,0,0,0,0,1,1,0,0,0,0,0,0,0,0,0,0,0,0,0,0,0,0,0,0,0,0
516,9,2,2,0,0,0,0,0,0,0,0,0,0,0,0,0,0,0,0,0,0,0,0,0,2,3,0,0,0,0,0,0,0,0,0,0,0,1,0,0,0,0,0,0,0,0
517,7,1,0,0,1,0,0,0,0,0,0,0,0,0,1,0,0,0,0,0,0,0,0,0,2,1,0,0,0,0,0,0,0,0,0,0,0,1,0,0,0,0,0,0,0,0
518,5,0,0,0,0,0,0,0,0,0,0,0,0,0,0,0,0,0,0,0,0,0,0,0,3,1,0,0,0,0,0,0,0,0,0,0,0,1,0,0,0,0,0,0,0,0
519,4,0,0,0,0,0,0,0,0,0,0,0,0,0,0,0,0,0,0,0,0,0,0,0,2,1,0,0,0,0,0,0,0,0,0,0,0,0,0,0,0,0,0,0,0,0
520,36,3,3,1,3,1,1,0,0,1,1,1,0,1,0,0,0,0,0,0,0,0,0,1,5,10,0,0,0,0,0,0,0,0,0,0,0,8,0,0,0,0,0,0,0,0
521,9,2,0,0,0,1,0,0,0,0,0,0,0,0,0,0,0,0,0,0,0,0,0,0,4,1,0,0,0,0,0,0,0,0,0,0,0,1,0,0,0,0,0,0,0,0
522,3,1,0,0,0,0,0,0,0,0,0,0,0,0,0,0,0,0,0,0,0,0,0,0,0,0,0,0,0,0,0,0,0,0,0,0,0,1,0,0,0,0,0,0,0,0
523,10,0,0,0,0,0,1,0,0,0,0,1,0,0,0,0,0,0,0,0,0,0,0,0,5,2,0,0,0,0,0,0,0,0,0,0,0,1,0,0,0,0,0,0,0,0
524,5,2,0,0,0,1,0,0,0,0,0,0,0,0,0,0,0,0,0,0,0,0,0,0,1,1,0,0,0,0,0,0,0,0,0,0,0,1,0,0,0,0,0,0,0,0
525,4,0,0,0,0,0,0,0,0,0,0,0,0,0,0,0,0,0,0,0,0,0,0,0,2,0,0,0,0,0,0,0,0,0,0,0,0,1,0,0,0,0,0,0,0,0
526,2,1,0,0,0,0,0,0,0,0,0,0,0,0,0,0,0,0,0,0,0,0,0,0,1,0,0,0,0,0,0,0,0,0,0,0,0,0,0,0,0,0,0,0,0,0
527,51,9,3,4,2,1,4,0,0,1,4,2,0,1,1,0,0,0,0,0,0,0,0,0,5,12,0,0,0,0,0,0,0,0,0,0,0,9,0,0,0,0,0,0,0,0
528,60,7,4,3,2,1,5,0,0,1,5,2,3,1,1,0,0,0,0,0,0,0,0,0,4,15,0,0,0,0,0,0,0,0,0,0,0,10,0,0,0,0,0,0,0,0
529,18,3,2,0,1,0,1,0,0,0,1,1,0,0,0,0,0,0,0,0,0,0,0,0,3,3,0,0,0,0,0,0,0,0,0,0,0,5,0,0,0,0,0,0,0,0
530,1,1,0,0,0,0,0,0,0,0,0,0,0,0,0,0,0,0,0,0,0,0,0,0,0,0,0,0,0,0,0,0,0,0,0,0,0,0,0,0,0,0,0,0,0,0
531,258,18,23,10,14,9,8,1,1,1,13,8,5,8,6,0,0,0,0,0,0,0,0,0,23,74,0,0,0,0,0,0,0,0,0,0,0,51,0,0,0,0,0,0,0,0
532,336,15,24,6,19,10,8,5,0,4,17,12,9,10,11,2,1,0,0,0,0,0,7,0,19,112,0,1,7,3,3,3,0,3,3,0,0,67,11,4,4,5,7,6,5,4
533,150,15,18,8,9,1,5,5,1,1,11,3,3,3,3,0,0,0,0,0,0,0,2,0,14,37,0,0,0,0,0,0,0,0,0,0,0,31,2,1,2,1,1,1,1,1
534,196,8,18,10,14,11,5,0,0,1,7,8,4,3,6,0,0,0,0,0,0,0,6,0,21,61,0,0,2,3,2,2,0,2,2,1,0,30,4,3,3,3,3,5,3,3
535,229,13,24,12,18,7,5,2,1,2,13,7,6,7,6,1,0,0,0,0,0,0,0,0,16,63,0,1,3,3,2,2,0,2,2,0,0,46,4,4,4,4,4,4,4,4
537,135,15,14,2,10,5,6,3,0,0,9,5,2,2,3,0,0,0,0,0,0,0,0,0,17,33,0,0,0,0,0,0,0,0,0,0,0,23,2,0,0,0,1,0,0,0
538,92,5,6,1,9,2,1,1,0,1,3,2,1,2,2,1,1,0,0,0,0,0,2,0,18,24,0,0,0,0,0,0,0,0,3,1,0,19,1,1,1,1,1,1,1,1
701,392,22,46,13,25,11,16,2,1,4,26,12,9,8,7,0,0,0,0,0,0,0,0,0,33,121,0,2,0,0,0,0,0,0,0,0,0,69,0,0,0,0,0,0,1,0
702,110,5,13,4,5,4,3,0,0,1,5,5,2,0,0,0,0,0,0,0,0,0,0,0,24,27,0,0,0,0,0,0,0,0,0,0,0,20,0,0,0,0,0,0,0,0
703,47,4,3,0,3,1,0,1,0,0,2,2,2,1,0,0,0,0,0,0,0,0,0,0,11,11,0,0,0,0,0,0,0,0,0,0,0,6,0,0,0,0,0,0,0,0
704,16,3,3,1,0,1,0,0,0,0,0,0,0,0,0,0,0,0,0,0,0,0,0,0,3,3,0,0,0,0,0,0,0,0,0,0,0,4,0,0,0,0,0,0,0,0
705,37,1,1,2,1,3,1,0,0,0,3,2,0,0,0,0,0,0,0,0,0,0,0,0,11,9,0,0,0,0,0,0,0,0,0,0,0,5,0,0,0,0,0,0,0,0
706,60,5,8,2,2,0,1,0,0,0,6,4,1,0,0,0,0,0,0,0,0,0,0,0,10,14,0,0,0,0,0,0,0,0,0,0,0,11,0,0,0,0,0,0,0,0
707,22,2,2,0,0,0,0,0,0,0,0,0,0,0,0,0,0,0,0,0,0,0,0,0,10,4,0,0,0,0,0,0,0,0,0,0,0,3,0,0,0,0,0,0,0,0
708,82,3,10,5,5,1,4,1,0,2,3,3,0,2,2,0,0,0,0,0,0,0,0,0,19,21,0,0,0,0,0,0,0,0,0,0,0,12,0,0,0,0,0,0,0,0
709,26,4,3,0,2,0,0,0,0,0,0,1,0,0,0,0,0,0,0,0,0,0,0,0,7,6,0,0,0,0,0,0,0,0,0,0,0,4,0,0,0,0,0,0,0,0
710,16,1,2,0,2,0,0,0,0,0,0,0,0,0,0,0,0,0,0,0,0,0,1,0,3,6,0,0,0,0,0,0,0,0,0,0,0,3,0,0,0,0,0,0,0,0
711,26,5,0,0,0,0,0,0,0,0,1,2,0,0,1,0,0,0,0,0,0,0,0,0,4,7,0,0,0,0,0,0,0,0,0,0,0,8,0,0,0,0,0,0,0,0
712,15,3,3,0,1,0,2,0,0,0,0,0,0,0,0,0,0,0,0,0,0,0,0,0,4,3,0,0,0,0,0,0,0,0,0,0,0,1,1,0,0,0,0,0,0,0
713,2,0,0,0,0,0,0,0,0,0,0,0,0,0,0,0,0,0,0,0,0,0,0,0,0,1,0,0,0,0,0,0,0,0,0,0,0,0,0,0,0,0,0,0,0,0
714,18,2,2,0,1,0,0,0,0,0,0,1,0,0,0,0,0,0,0,0,0,0,0,0,4,6,0,0,0,0,0,0,0,0,0,0,0,2,0,0,0,0,0,0,0,0
715,41,2,4,0,3,1,1,0,0,0,3,2,1,1,0,0,0,0,0,0,0,0,0,0,6,10,0,0,0,0,0,0,0,0,0,0,0,7,0,0,0,0,0,0,0,0
716,14,1,2,0,0,0,1,0,0,0,1,0,0,0,0,0,0,0,0,0,0,0,0,0,6,2,0,0,0,0,0,0,0,0,0,0,0,1,0,0,0,0,0,0,0,0
717,21,4,1,1,2,0,1,0,0,0,1,1,0,0,0,0,0,0,0,0,0,0,0,0,4,3,0,0,0,0,0,0,0,0,0,0,0,1,3,0,1,0,1,0,0,0
718,5,0,0,1,0,1,0,0,0,0,0,0,0,0,0,0,0,0,0,0,0,0,0,0,2,1,0,0,0,0,0,0,0,0,0,0,0,1,0,0,0,0,0,0,0,0
719,9,0,0,0,1,0,0,0,0,0,0,0,0,0,0,0,0,0,0,0,0,0,0,0,6,2,0,0,0,0,0,0,0,0,0,0,0,1,0,0,0,0,0,0,0,0
720,22,1,2,0,0,0,1,0,0,0,0,1,0,0,0,0,0,0,0,0,0,0,0,0,9,6,0,0,0,0,0,0,0,0,0,0,0,2,0,0,0,0,0,0,0,0
721,6,2,0,0,0,0,0,0,0,0,0,0,0,0,0,0,0,0,0,0,0,1,0,0,1,1,0,0,0,0,1,0,0,0,0,0,0,1,0,0,0,0,0,0,0,0
722,5,1,1,0,0,0,0,1,0,0,0,0,0,0,0,0,0,0,0,0,0,0,0,1,1,0,0,0,0,0,0,0,0,0,0,0,0,1,0,0,0,0,0,0,0,0
723,4,0,0,0,1,0,0,0,0,0,0,0,0,0,0,0,0,0,0,0,0,0,0,0,2,0,0,0,0,0,0,0,0,0,0,0,0,1,0,0,0,0,0,0,0,0
724,3,1,0,0,0,0,0,0,0,0,1,0,0,0,0,0,0,0,0,0,0,0,0,0,1,0,0,0,0,0,0,0,0,0,0,0,0,0,0,0,0,0,0,0,0,0
725,1,0,0,0,0,0,0,0,0,0,0,0,0,0,0,0,0,0,0,0,0,0,0,0,1,0,0,0,0,0,0,0,0,0,0,0,0,0,0,0,0,0,0,0,0,0
726,1,1,1,0,0,0,0,0,0,0,0,0,0,0,0,0,0,0,0,0,0,0,0,0,0,1,0,0,0,0,0,0,0,0,0,0,0,0,0,0,0,0,0,0,0,0
727,2,0,1,0,0,0,0,0,0,0,0,0,0,0,0,0,0,0,0,0,0,0,0,0,1,0,0,0,0,0,0,0,0,0,0,0,0,0,0,0,0,0,0,0,0,0
728,30,5,3,1,2,0,2,0,0,0,1,0,0,0,0,0,0,0,0,0,0,0,0,0,4,10,0,0,0,0,0,0,0,0,0,0,0,6,0,0,0,0,1,0,0,0
729,192,13,11,6,8,8,5,1,0,1,12,2,6,3,7,0,0,0,0,0,0,0,8,1,31,51,0,0,0,0,0,0,0,0,1,0,0,28,0,0,0,0,0,0,0,0
730,364,22,28,9,18,8,8,4,0,1,13,14,15,12,8,1,0,0,0,0,0,0,6,0,62,96,0,0,0,0,0,0,0,0,2,0,0,56,0,0,0,0,0,0,0,0
731,173,11,17,4,13,6,6,3,0,2,11,5,3,8,3,0,0,0,0,0,0,0,0,1,19,44,0,0,0,0,0,0,0,0,0,0,0,27,0,0,0,0,0,0,1,0
732,497,28,44,14,28,14,14,5,1,6,31,19,10,14,11,0,0,0,1,0,0,0,6,0,43,149,0,0,0,0,0,0,0,0,0,0,0,93,1,0,0,0,0,0,0,0
733,169,14,18,6,5,2,7,2,0,1,5,10,4,7,3,1,0,0,0,0,0,0,5,0,22,49,0,0,0,0,0,0,0,0,0,0,0,26,0,0,0,0,0,0,0,0
734,66,4,6,2,3,2,1,0,0,0,3,4,2,1,1,0,0,0,0,0,0,0,3,0,13,21,0,0,0,0,0,0,0,0,0,0,0,2,0,0,0,0,0,1,0,0
735,280,7,26,10,16,7,3,1,1,1,11,13,5,14,5,2,0,0,0,0,0,0,6,0,38,86,0,0,0,0,1,0,0,0,0,0,0,51,2,0,0,0,0,0,0,0
736,190,16,16,4,12,2,5,3,0,0,9,7,5,2,8,0,0,0,0,0,0,0,2,0,26,50,0,0,0,0,0,1,0,0,0,0,0,39,0,0,0,0,0,0,0,0
737,10,2,1,0,0,0,0,0,0,0,0,0,0,0,1,0,0,0,0,0,0,0,0,0,1,3,0,0,0,0,0,0,0,0,0,0,0,2,0,0,0,0,0,0,0,0
738,92,10,10,3,6,2,3,1,0,2,6,3,3,1,1,0,0,0,0,0,0,0,0,0,12,26,0,0,0,0,0,0,0,0,0,0,0,13,0,0,0,0,0,0,0,0
1101,59,3,4,5,4,7,2,0,0,1,1,5,2,1,2,0,0,0,0,0,0,0,0,0,6,14,0,0,0,0,0,0,0,0,0,0,0,9,0,0,0,0,0,0,0,0
1102,39,2,6,2,1,0,1,0,0,0,1,1,0,0,1,0,0,0,0,0,0,0,0,0,5,12,0,0,0,0,0,0,0,0,0,0,0,9,0,0,0,0,0,0,0,0
1103,15,3,1,0,0,0,0,0,0,0,0,0,0,0,0,0,0,0,0,0,0,0,0,0,3,7,0,0,0,0,0,0,0,0,0,0,0,2,0,0,0,0,0,0,0,0
1104,90,3,15,1,7,3,2,1,0,0,7,1,2,1,3,0,0,0,0,0,0,0,1,0,13,27,0,0,0,0,0,0,0,0,0,0,0,11,1,0,0,0,0,0,0,0
1105,34,4,4,0,3,1,0,0,0,0,1,0,0,0,0,0,0,0,0,0,0,0,0,0,5,14,0,0,0,0,0,0,0,0,0,0,0,3,0,0,0,0,0,0,0,0
1106,26,0,2,0,1,0,0,0,0,0,2,0,0,1,0,0,0,0,0,0,0,0,0,0,2,14,0,0,0,0,0,0,0,0,0,0,0,3,0,0,0,0,0,0,0,0
1107,30,3,2,2,0,0,1,0,0,0,1,0,0,1,0,0,0,0,0,0,0,0,0,0,4,12,0,0,0,0,0,0,0,0,0,0,0,5,0,0,0,0,0,0,0,0
1201,316,13,22,5,27,10,4,2,0,3,23,12,6,6,8,1,0,0,0,0,0,0,3,0,36,104,0,4,2,1,2,1,0,1,2,0,0,47,2,0,1,0,0,1,0,0
1204,119,5,12,1,7,4,3,0,0,0,5,1,2,0,4,0,0,0,0,0,0,0,0,0,12,46,0,0,0,0,0,0,0,0,0,0,0,23,1,0,0,0,0,0,0,1
1205,16,0,2,0,0,0,0,0,0,0,1,0,0,0,0,0,0,0,0,0,0,0,0,0,6,5,0,0,0,0,0,0,0,0,0,0,0,2,0,0,0,0,0,0,0,0
2201,190,23,25,5,20,3,2,5,0,0,12,4,3,3,1,0,0,0,0,0,0,1,1,0,9,61,0,1,0,0,0,0,0,0,1,0,0,38,0,0,0,0,0,0,0,0
2202,202,23,21,12,13,8,6,5,0,2,8,15,7,3,3,0,0,0,0,0,0,0,2,0,19,52,0,1,0,0,0,2,0,0,0,0,0,34,1,0,0,0,0,1,0,0
3101,627,40,38,12,39,19,12,4,0,3,41,23,18,11,13,0,0,0,0,0,0,0,5,0,81,195,0,0,0,0,1,0,0,0,0,0,0,118,0,0,0,0,0,0,0,0
3102,372,23,33,8,23,15,7,6,0,1,25,12,12,4,11,0,0,0,0,0,0,0,0,1,41,116,0,0,0,0,0,0,0,0,1,0,0,66,0,0,0,0,0,0,0,0
3103,299,17,18,3,20,12,6,3,0,1,16,12,11,5,11,0,0,0,0,0,0,0,1,0,25,110,0,0,0,0,0,0,0,0,0,0,0,43,1,0,0,0,0,0,1,0
3104,361,24,20,6,18,6,6,3,0,1,20,13,9,5,9,1,0,0,0,0,0,0,0,0,45,123,0,1,0,0,0,0,0,0,1,0,0,66,0,0,0,0,0,0,0,0
3105,249,12,18,2,12,5,4,2,0,0,16,11,10,6,5,0,0,0,0,0,0,0,0,0,24,98,0,1,1,0,0,0,0,0,0,0,0,35,0,0,0,0,0,1,0,0
3106,405,21,21,7,25,14,13,1,0,1,30,13,10,7,11,0,0,0,0,0,0,0,1,0,71,120,0,0,1,0,0,0,0,0,1,0,0,71,0,0,0,0,0,0,0,0
3107,114,4,10,0,12,6,1,1,0,0,5,3,3,1,6,0,0,0,0,0,0,0,0,0,13,42,0,0,0,0,0,0,0,0,0,0,0,13,0,0,0,0,0,0,0,0
3108,46,6,4,1,2,1,1,0,0,0,2,0,1,2,1,0,0,0,0,0,0,0,0,0,3,15,0,0,0,0,0,0,0,0,0,0,0,8,0,0,0,0,0,0,0,0
3109,86,8,7,0,4,0,3,0,0,0,6,3,2,2,2,0,0,0,0,0,0,0,1,0,10,27,0,1,0,0,0,0,0,0,0,0,0,12,0,0,0,0,0,0,0,0
3110,125,8,14,3,7,4,3,0,0,0,9,6,4,2,2,0,0,0,0,0,0,0,0,0,8,42,0,0,0,0,0,0,0,0,0,0,0,26,0,0,0,0,0,0,0,0
3111,138,8,9,0,15,4,2,0,0,0,5,4,3,2,4,0,0,0,0,0,0,0,0,0,25,44,0,0,0,0,0,0,0,0,0,0,0,19,0,0,0,0,0,0,0,0
3112,22,3,3,1,0,0,0,0,0,0,1,1,0,0,0,0,0,0,0,0,0,0,0,0,7,6,0,0,0,0,0,0,0,0,0,0,0,2,0,0,0,0,0,0,0,0
3113,200,17,11,3,14,7,5,0,0,0,12,5,3,4,4,0,0,0,0,0,0,0,0,0,26,62,0,0,0,0,0,0,0,0,0,0,0,32,0,0,0,0,0,0,0,0
3114,203,9,17,2,11,8,6,0,1,0,20,9,5,5,8,0,0,0,0,0,0,0,0,0,31,59,0,0,0,0,0,0,0,0,0,0,0,26,0,0,0,0,0,0,0,0
3115,36,0,4,0,3,1,0,0,0,0,1,0,0,0,1,0,0,0,0,0,0,0,0,0,8,14,0,0,0,0,0,0,0,0,0,0,0,4,0,0,0,0,0,0,0,0
3116,61,5,4,1,4,2,3,1,0,0,3,1,1,0,0,0,0,0,0,0,0,0,0,0,8,19,0,0,0,0,0,0,0,0,0,0,0,10,0,0,0,0,0,0,0,0
3117,112,6,3,1,6,2,5,0,1,0,5,4,3,3,2,0,0,0,0,0,0,1,1,0,16,35,0,2,0,0,1,0,0,0,0,0,0,22,0,0,0,0,0,0,0,0
3118,16,3,3,0,0,0,0,0,0,0,0,0,0,0,1,0,0,0,0,0,0,0,0,0,4,5,0,0,0,0,0,0,0,0,0,0,0,2,0,0,0,0,0,0,0,0
3119,3,0,0,0,0,0,0,0,0,0,0,0,0,0,0,0,0,0,0,0,0,0,0,0,1,1,0,0,0,0,0,0,0,0,0,0,0,1,0,0,0,0,0,0,0,0
3120,1,0,0,0,0,0,0,0,0,0,0,0,0,0,0,0,0,0,0,0,0,0,0,0,1,0,0,0,0,0,0,0,0,0,0,0,0,0,0,0,0,0,0,0,0,0
3121,7,1,0,0,1,0,0,0,0,0,0,0,0,0,0,0,0,0,0,0,0,0,0,0,1,3,0,0,0,0,0,0,0,0,0,0,0,1,0,0,0,0,0,0,0,0
3122,2,0,0,0,1,0,0,0,0,0,0,0,0,0,0,0,0,0,0,0,0,0,0,0,2,0,0,0,0,0,0,0,0,0,0,0,0,0,0,0,0,0,0,0,0,0
3123,15,3,1,1,0,0,0,0,0,0,1,0,0,0,0,0,0,0,0,0,0,0,0,0,3,5,0,0,0,0,0,0,0,0,0,0,0,1,0,0,0,0,0,0,0,0
3124,2,1,0,0,0,0,0,0,0,0,0,0,0,0,0,0,0,0,0,0,0,0,0,0,1,0,0,0,0,0,0,0,0,0,0,0,0,0,0,0,0,0,0,0,0,0
3125,4,0,0,0,0,0,0,0,0,0,0,0,0,0,0,0,0,0,0,0,0,0,0,0,3,1,0,0,0,0,0,0,0,0,0,0,0,0,0,0,0,0,0,0,0,0
3126,3,1,0,0,0,0,0,0,0,0,0,0,0,0,0,0,0,0,0,0,0,0,0,0,1,0,0,0,0,0,0,0,0,0,0,0,0,1,0,0,0,0,0,0,0,0
3127,7,2,0,1,1,0,0,0,0,0,0,0,0,0,0,0,0,0,0,0,0,0,0,0,1,2,0,0,0,0,0,0,0,0,0,0,0,1,0,0,0,0,0,0,0,0
3128,5,2,0,0,0,0,0,0,0,0,0,0,0,0,0,0,0,0,0,0,0,0,0,0,2,0,0,0,0,0,0,0,0,0,0,0,0,1,0,0,0,0,0,0,0,0
3129,3,1,0,1,0,0,0,0,0,0,0,0,0,0,0,0,0,0,0,0,0,0,0,0,3,1,0,0,0,0,0,0,0,0,0,0,0,0,0,0,0,0,0,0,0,0
3201,601,27,35,17,37,26,12,2,1,6,23,19,19,15,14,1,0,0,0,0,0,0,14,0,80,192,0,1,1,0,0,0,0,0,1,1,0,100,0,0,0,0,0,0,0,0
3202,458,25,27,9,25,11,11,3,1,2,21,16,8,9,8,1,0,0,0,0,0,0,6,1,78,139,0,0,1,0,0,0,0,0,0,0,0,92,0,0,0,0,0,0,0,0
3203,40,6,4,0,2,1,2,0,0,0,2,1,1,1,0,0,0,0,0,0,0,0,0,0,2,16,0,0,0,0,0,0,0,0,0,0,0,5,0,0,0,0,0,0,0,0
3204,100,13,9,1,5,2,1,2,0,0,5,3,1,1,3,0,0,0,0,0,0,0,0,0,15,30,0,0,0,0,0,0,0,0,0,0,0,17,0,0,0,0,0,0,0,0
3205,115,8,6,1,7,2,3,0,0,0,5,4,2,2,5,0,0,0,0,0,0,0,0,0,16,46,0,0,0,0,0,0,0,0,0,0,0,13,0,0,0,0,0,0,0,0
3206,50,3,4,5,1,3,1,0,0,0,2,1,1,0,0,0,0,0,0,0,0,0,0,0,13,13,0,0,0,0,0,0,0,0,0,0,0,8,0,0,0,0,0,0,0,0
3207,128,6,9,1,5,2,5,1,0,0,6,4,3,3,4,0,0,0,0,0,0,0,0,0,24,39,0,0,0,0,0,0,0,0,0,0,0,20,0,0,0,0,0,0,0,0
3208,132,9,16,3,10,3,4,3,0,0,9,5,2,2,6,0,1,0,0,0,0,1,1,0,10,44,0,0,0,0,0,0,0,0,0,0,0,20,0,0,0,0,0,0,0,0
3209,71,9,8,5,3,3,5,1,0,0,4,3,1,1,0,0,0,0,0,0,0,0,0,0,8,21,0,0,1,0,0,0,0,0,0,0,0,10,0,0,0,0,0,0,0,0
3210,90,8,7,2,3,0,1,3,0,0,3,0,0,2,2,0,0,0,0,0,0,0,0,0,14,36,0,0,0,0,0,0,0,0,0,0,0,18,0,0,0,0,0,0,0,0
3211,13,1,2,0,1,0,1,1,0,0,0,1,1,0,1,0,0,0,0,0,0,0,0,0,1,4,0,0,0,0,0,0,0,0,1,0,0,2,0,0,0,0,0,0,0,0
3212,19,2,0,0,0,0,1,0,0,0,1,0,0,0,1,0,0,0,0,0,0,0,0,0,5,7,0,0,0,0,0,0,0,0,0,0,0,3,0,0,0,0,0,0,0,0
3213,6,3,0,0,0,0,0,0,0,0,0,0,0,0,0,0,0,0,0,0,0,0,0,0,3,0,0,0,0,0,0,0,0,0,0,0,0,1,0,0,0,0,0,0,0,0
3301,18,3,2,1,1,0,1,1,0,0,0,1,0,0,0,0,0,0,0,0,0,0,0,0,4,4,0,0,0,0,0,0,0,0,0,0,0,2,0,0,0,0,0,0,0,0
3302,14,1,2,0,0,0,1,0,0,0,0,0,0,0,1,0,0,0,0,0,0,0,0,0,4,3,0,0,0,0,0,0,0,0,0,0,0,2,0,0,0,0,0,0,0,0
3303,75,4,10,4,8,4,4,0,0,0,4,3,1,3,2,0,0,0,0,0,0,0,0,0,7,18,0,0,0,0,0,0,0,0,0,0,0,12,0,0,0,0,0,0,0,0
3305,251,5,10,9,20,7,7,0,0,3,14,9,6,6,5,2,0,0,0,0,0,0,4,0,40,73,0,1,1,0,0,0,0,0,0,0,0,44,0,0,0,0,0,0,0,0
3306,39,2,3,0,2,0,1,0,0,0,1,1,0,0,2,0,0,0,0,0,0,0,0,0,6,13,0,0,0,0,0,0,0,0,0,0,0,10,0,0,0,0,0,0,0,0
3307,2,1,0,0,0,0,0,0,0,0,0,0,0,0,0,0,0,0,0,0,0,0,0,0,1,0,0,0,0,0,0,0,0,0,0,0,0,0,0,0,0,0,0,0,0,0
3308,32,3,2,1,2,2,1,0,0,0,2,1,1,0,1,0,0,0,0,0,0,0,0,0,3,10,0,0,0,0,0,0,0,0,0,0,0,4,0,0,0,0,0,0,0,0
3309,5,0,0,0,0,0,0,0,0,0,0,0,0,0,0,0,0,0,0,0,0,0,0,0,1,2,0,0,0,0,0,0,0,0,0,0,0,1,0,0,0,0,0,0,0,0
3310,3,1,0,0,0,0,0,0,0,0,0,0,0,0,0,0,0,0,0,0,0,0,0,0,1,1,0,0,0,0,0,0,0,0,0,0,0,0,0,0,0,0,0,0,0,0
3311,3,0,1,0,0,0,0,0,0,0,0,0,0,0,0,0,0,0,0,0,0,0,0,0,0,1,0,0,0,0,0,0,0,0,0,0,0,0,0,0,0,0,0,0,0,0
3312,1,1,0,0,0,0,0,0,0,0,0,0,0,0,0,0,0,0,0,0,0,0,0,0,0,0,0,0,0,0,0,0,0,0,0,0,0,0,0,0,0,0,0,0,0,0
3313,3,2,0,2,0,0,0,0,0,0,0,0,0,0,0,0,0,0,0,0,0,0,0,0,1,0,0,0,0,0,0,0,0,0,0,0,0,0,0,0,0,0,0,0,0,0
3314,1,0,0,1,0,0,0,0,0,0,0,0,0,0,0,0,0,0,0,0,0,0,0,0,0,0,0,0,0,0,0,0,0,0,0,0,0,0,0,0,0,0,0,0,0,0
3401,125,12,17,3,4,2,1,1,1,1,8,5,1,2,7,0,0,0,0,0,0,0,1,0,9,43,0,1,1,0,1,0,0,0,0,0,0,21,0,0,0,0,0,0,0,0
3402,126,14,15,3,10,3,2,0,1,0,8,7,3,1,2,0,0,0,0,0,0,0,2,0,11,39,0,0,0,0,0,0,0,0,0,0,0,19,0,0,0,0,0,0,0,0
3403,18,4,1,2,0,1,1,0,0,0,0,1,0,0,0,0,0,0,0,0,0,0,0,0,5,4,0,0,0,0,0,0,0,0,0,0,0,1,0,0,0,0,0,0,0,0
3404,16,4,1,2,0,1,0,0,0,0,0,1,0,0,0,0,0,0,0,0,0,1,0,0,3,4,0,0,0,0,0,0,0,0,0,0,0,3,0,0,0,0,0,0,0,0
3405,18,5,1,0,0,0,1,0,0,0,0,0,0,0,0,0,0,0,0,0,0,0,0,0,4,7,0,0,0,0,0,0,0,0,0,0,0,3,0,0,0,0,0,0,0,0
3406,7,1,0,0,1,0,0,0,0,0,0,0,0,0,0,0,0,0,0,0,0,0,0,0,3,2,0,0,0,0,0,0,0,0,0,0,0,1,0,0,0,0,0,0,0,0
3407,6,1,0,0,1,0,0,0,0,0,0,0,0,0,0,0,0,0,0,0,0,0,0,0,2,1,0,0,0,0,0,0,0,0,0,0,0,1,0,0,0,0,0,0,0,0
3408,15,0,3,0,1,0,0,1,0,0,0,0,0,0,0,0,0,0,0,0,0,0,0,0,6,3,0,0,0,0,0,0,0,0,0,0,0,2,0,0,0,0,0,0,0,0
3409,12,3,1,0,0,0,0,0,0,0,0,0,0,1,0,0,0,0,0,0,0,1,0,0,1,3,0,0,0,0,0,0,0,0,0,0,0,3,0,0,0,0,0,0,0,0
3410,6,2,1,0,0,0,0,0,0,0,0,0,0,0,0,0,0,0,0,0,0,0,0,0,0,2,0,0,0,0,0,0,0,0,0,0,0,1,0,0,0,0,0,0,0,0
3411,3,1,0,0,0,0,0,0,0,0,0,0,0,0,0,0,0,0,0,0,0,0,0,0,3,1,0,0,0,0,0,0,0,0,0,0,0,0,0,0,0,0,0,0,0,0
3412,4,3,0,0,1,0,0,0,0,0,0,0,0,0,0,0,0,0,0,0,0,0,0,0,2,1,0,0,0,0,0,0,0,0,0,0,0,0,0,0,0,0,0,0,0,0
3501,96,8,12,2,4,3,1,0,1,0,5,4,4,3,1,0,0,0,0,0,0,0,0,0,8,32,0,0,0,0,0,0,0,0,0,0,0,16,0,0,0,0,0,0,0,0
3502,31,3,1,1,3,0,0,1,0,0,0,1,0,2,0,0,0,0,0,0,0,0,0,0,5,10,0,0,0,0,0,0,0,0,1,1,0,5,0,0,0,0,0,0,0,0
3503,13,3,1,0,0,0,0,1,0,0,1,0,0,0,0,0,0,0,0,0,0,0,0,0,2,4,0,0,0,0,0,0,0,0,0,0,0,2,0,0,0,0,0,0,0,0
3504,64,5,5,1,8,2,0,1,0,0,5,3,2,0,2,0,0,0,0,0,0,0,0,0,6,21,0,0,0,0,0,0,0,0,0,0,0,12,0,0,0,0,0,0,0,0
3505,85,3,6,3,4,3,3,1,0,0,4,4,2,1,2,0,0,0,0,0,0,0,0,0,10,29,0,0,0,0,0,0,0,0,0,0,0,16,0,0,0,0,0,0,0,0
3506,17,2,3,1,1,1,0,0,0,0,0,0,0,0,1,0,0,0,0,0,0,0,0,0,5,4,0,0,0,0,0,0,0,0,0,0,0,4,0,0,0,0,0,0,0,0
3507,8,2,0,2,0,0,1,0,0,0,0,0,0,0,0,0,0,0,0,0,0,0,0,0,1,3,0,0,0,0,0,0,0,0,0,0,0,0,0,0,0,0,0,0,0,0
3508,6,0,0,0,1,0,0,0,0,0,0,0,0,0,0,0,0,0,0,0,0,0,0,0,2,2,0,0,0,0,0,0,0,0,0,0,0,1,0,0,0,0,0,0,0,0
3509,17,0,0,0,0,0,0,0,0,0,1,0,0,0,1,0,0,0,0,0,0,0,0,0,5,6,0,0,0,0,0,0,0,0,0,0,0,3,0,0,0,0,0,0,0,0
3510,9,0,0,0,0,0,0,0,0,0,0,0,0,0,0,0,0,0,0,0,0,0,0,0,4,2,0,0,0,0,0,0,0,0,0,0,0,2,0,0,0,0,0,0,0,0
3511,4,1,0,0,1,0,0,0,0,0,0,0,0,0,0,0,0,0,0,0,0,0,0,0,1,1,0,0,0,0,0,0,0,0,0,0,0,0,0,0,0,0,0,0,0,0
3512,3,0,0,0,0,0,0,0,0,0,0,0,0,0,0,0,0,0,0,0,0,0,0,0,3,0,0,0,0,0,0,0,0,0,0,0,0,0,0,0,0,0,0,0,0,0
3513,8,3,1,0,0,0,0,0,0,0,0,0,0,0,0,0,0,0,0,0,0,0,0,0,2,2,0,0,0,0,0,0,0,0,0,0,0,1,0,0,0,0,0,0,0,0
3514,4,1,0,0,0,0,0,0,0,0,0,0,0,0,0,0,0,0,0,0,0,0,0,0,0,2,0,0,0,0,0,0,0,0,0,0,0,0,0,0,0,0,0,0,0,0
3515,3,1,0,0,0,0,0,0,0,0,0,0,0,0,0,0,0,0,0,0,0,0,0,0,2,1,0,0,0,0,0,0,0,0,0,0,0,0,0,0,0,0,0,0,0,0
3516,4,1,0,0,0,0,0,0,0,0,0,0,0,0,0,0,0,0,0,0,0,0,0,0,0,1,0,0,0,0,0,0,0,0,0,0,0,1,0,0,0,0,0,0,0,0
3517,2,0,1,0,0,0,0,0,0,0,0,0,0,0,0,0,0,0,0,0,0,0,0,0,1,0,0,0,0,0,0,0,0,0,0,0,0,0,0,0,0,0,0,0,0,0
3518,3,1,0,0,0,0,0,0,0,0,0,0,0,0,0,0,0,0,0,0,0,0,0,0,2,0,0,0,0,0,0,0,0,0,0,0,0,0,0,0,0,0,0,0,0,0
3701,288,10,14,15,24,8,8,2,0,3,15,9,9,5,2,0,0,0,0,0,0,0,1,0,26,92,0,1,1,0,0,0,0,0,0,0,0,63,1,0,0,0,0,0,0,0
3702,75,1,3,0,6,2,1,0,0,1,6,2,0,1,1,0,0,0,0,0,0,0,0,0,12,20,0,0,0,0,0,0,0,0,0,0,0,18,1,0,0,0,0,0,1,0
3703,66,3,5,3,3,1,2,0,0,1,5,2,2,2,1,0,0,0,0,0,0,0,1,0,10,18,0,0,0,0,0,0,0,0,0,0,0,13,0,0,0,0,0,0,0,0
3704,43,5,5,3,6,2,1,0,0,0,2,3,1,1,0,0,0,0,0,0,0,0,0,0,3,8,0,0,0,0,0,0,0,0,0,0,0,9,0,0,0,0,0,0,0,0
3705,199,11,12,8,18,7,5,0,1,1,11,9,6,2,2,0,0,0,0,0,0,0,0,0,21,49,0,0,0,0,0,0,0,0,1,0,0,49,0,0,0,0,0,0,1,0
3706,61,4,4,4,6,4,1,2,0,0,2,2,1,0,1,0,0,0,0,0,0,0,0,0,10,14,0,0,0,0,0,0,0,0,0,0,0,12,0,0,0,0,0,0,0,0
3707,38,6,2,1,2,0,0,0,0,0,1,2,0,0,0,0,0,0,0,0,0,0,0,0,8,11,0,0,0,0,0,0,0,0,0,0,0,9,0,0,0,0,0,0,0,0
3708,39,2,1,1,2,3,0,0,0,0,2,2,1,0,1,0,0,0,0,0,0,0,0,0,5,11,0,0,0,0,0,0,0,0,0,0,0,10,0,0,0,0,0,0,0,0
3709,5,0,0,0,0,0,0,0,0,0,0,0,0,0,0,0,0,0,0,0,0,0,0,0,3,1,0,0,0,0,0,0,0,0,0,0,0,1,0,0,0,0,0,0,0,0
3710,16,3,0,0,0,0,1,0,0,0,0,0,0,0,1,0,0,0,0,0,0,0,0,0,3,3,0,0,0,0,0,0,0,0,0,0,0,5,0,0,0,0,0,0,0,0
3711,11,0,0,0,0,0,0,0,0,0,0,0,1,0,0,0,0,0,0,0,0,0,0,0,4,4,0,0,0,0,0,0,0,0,0,0,0,2,0,0,0,0,0,0,0,0
3712,25,3,1,0,0,0,1,0,0,0,2,0,0,0,0,0,0,0,0,0,0,0,0,0,5,9,0,0,0,0,0,0,0,0,0,0,0,4,0,0,0,0,0,0,0,0
3713,29,6,0,0,1,0,0,0,0,0,2,1,0,0,1,0,0,0,0,0,0,0,0,0,5,6,0,0,0,0,0,0,0,0,0,0,0,8,0,0,0,0,0,0,0,0
3714,9,0,0,0,0,0,0,0,0,0,0,0,0,0,0,0,0,0,0,0,0,0,0,0,4,3,0,0,0,0,0,0,0,0,0,0,0,2,0,0,0,0,0,0,0,0
3715,13,1,1,0,0,0,0,0,0,0,0,0,0,0,0,0,0,0,0,0,0,0,0,0,4,5,0,0,0,0,0,0,0,0,0,0,0,2,0,0,0,0,0,0,0,0
3716,8,2,1,0,0,0,0,0,0,0,0,0,0,0,0,0,0,0,0,0,0,0,0,0,3,2,0,0,0,0,0,0,0,0,0,0,0,1,0,0,0,0,0,0,0,0
3717,14,1,0,0,0,0,0,0,0,0,0,0,0,0,1,0,0,0,0,0,0,0,0,0,4,4,0,0,0,0,0,0,0,0,0,0,0,4,0,0,0,0,0,0,0,0
3718,19,1,1,1,1,1,0,0,0,0,1,0,0,0,0,0,0,0,0,0,0,0,0,0,3,3,0,0,0,0,0,0,0,0,0,0,0,8,0,0,0,0,0,0,0,0
3719,23,2,1,0,3,0,0,0,0,0,0,0,0,0,0,0,0,0,0,0,0,0,0,0,8,6,0,0,0,0,0,0,0,0,0,0,0,4,0,0,0,0,0,0,0,0
3720,7,1,0,1,0,0,0,0,0,0,0,0,0,0,0,0,0,0,0,0,0,0,0,0,4,1,0,0,0,0,0,0,0,0,0,0,0,1,0,0,0,0,0,0,0,0
3721,7,1,2,0,0,0,0,0,0,0,0,0,0,1,0,0,0,0,0,0,0,0,0,0,1,1,0,0,0,0,0,0,0,0,0,0,0,1,0,0,0,0,0,0,0,0
3722,15,3,0,1,1,1,0,0,0,0,0,0,0,0,0,0,0,0,0,0,0,0,0,0,3,3,0,0,0,0,0,0,0,0,0,0,0,4,0,0,0,0,0,0,0,0
3723,5,0,0,0,0,0,0,0,0,0,0,0,0,0,0,0,0,0,0,0,0,0,0,0,3,1,0,0,0,0,0,0,0,0,0,0,0,1,0,0,0,0,0,0,0,0
3724,4,1,0,0,0,0,0,0,0,0,0,0,0,0,0,0,0,0,0,0,0,0,0,0,1,1,0,0,0,0,0,0,0,0,0,0,0,1,0,0,0,0,0,0,0,0
3725,6,2,0,1,0,1,0,0,0,0,0,0,0,0,0,0,0,0,0,0,0,0,0,0,2,0,0,0,0,0,0,0,0,0,0,0,0,1,0,0,0,0,0,0,0,0
3726,9,2,0,0,0,0,0,0,0,0,0,0,0,0,0,0,0,0,0,0,0,0,0,0,3,2,0,0,0,0,0,0,0,0,0,0,0,1,1,0,0,0,0,0,0,0
3801,102,5,13,4,12,2,0,0,0,0,6,3,2,2,1,0,0,0,0,0,0,0,0,0,13,24,0,0,0,0,0,0,0,0,0,0,0,23,0,0,0,0,0,0,0,0
3802,81,14,6,3,8,2,0,0,0,1,2,3,1,0,2,0,0,0,0,0,0,0,0,0,13,15,0,0,0,0,0,0,0,0,0,0,0,17,0,0,0,0,0,0,0,0
3803,104,6,10,3,10,3,3,0,1,1,5,3,2,1,3,0,0,0,0,0,0,0,0,0,11,30,0,0,0,1,0,0,0,0,0,0,0,22,0,0,0,0,0,0,0,0
3804,41,2,6,2,3,3,0,0,0,0,3,2,1,0,0,0,0,0,0,0,0,0,0,0,5,9,0,0,0,0,0,0,0,0,0,0,0,8,0,0,0,0,0,0,0,0
3805,5,0,1,0,0,0,0,0,0,0,0,0,0,0,0,0,0,0,0,0,0,0,0,0,2,1,0,0,0,0,0,0,0,0,0,0,0,1,0,0,0,0,0,0,0,0
3806,17,3,1,0,1,0,0,0,0,0,0,1,0,0,0,0,0,0,0,0,0,0,0,0,5,3,0,0,0,0,0,0,0,0,0,0,0,3,0,0,0,0,0,0,0,0
3807,4,0,0,0,0,0,0,0,0,0,0,0,0,0,0,0,0,0,0,0,0,0,0,0,4,0,0,0,0,0,0,0,0,0,0,0,0,0,0,0,0,0,0,0,0,0
3808,5,1,0,0,0,0,0,0,0,0,0,0,0,0,0,0,0,0,0,0,0,0,0,0,3,0,0,0,0,0,0,0,0,0,0,0,0,1,0,0,0,0,0,0,0,0
3809,7,0,0,0,1,0,0,0,0,0,0,0,0,0,0,0,0,0,0,0,0,0,0,0,3,2,0,0,0,0,0,0,0,0,0,0,0,1,0,0,0,0,0,0,0,0
3810,6,1,0,0,0,1,0,0,0,0,0,0,0,0,0,0,0,0,0,0,0,0,0,0,3,1,0,0,0,0,0,0,0,0,0,0,0,1,0,0,0,0,0,0,0,0
3811,17,6,2,2,0,0,1,0,0,0,1,1,0,0,1,0,0,0,0,0,0,0,0,0,0,3,0,0,0,0,0,0,0,0,0,0,0,5,0,0,0,0,0,0,0,0
3812,7,4,1,0,0,0,0,0,0,0,0,0,0,0,0,0,0,0,0,0,0,0,0,0,1,1,0,0,0,0,0,0,0,0,0,0,0,0,0,0,0,0,0,0,0,0
3813,5,2,1,0,0,0,0,0,0,0,0,0,0,0,0,0,0,0,0,0,0,0,0,0,2,0,0,0,0,0,0,0,0,0,0,0,0,0,0,0,0,0,0,0,0,0
3901,127,7,10,3,10,4,3,1,0,1,8,6,3,3,1,0,0,0,0,0,0,0,0,0,11,35,0,0,0,0,0,1,0,0,0,0,0,27,0,0,0,0,0,0,0,0
3902,41,8,8,4,4,2,1,0,0,0,1,2,0,0,1,0,0,0,0,0,0,0,0,0,2,11,0,0,0,0,0,0,0,0,0,0,0,8,0,0,0,0,0,0,0,0
3903,92,9,10,5,13,4,5,1,0,0,3,5,2,1,1,0,0,0,0,0,0,0,1,0,2,20,0,1,0,0,0,0,0,0,1,0,0,21,0,0,0,0,0,0,0,0
3904,42,4,9,3,2,0,1,0,0,0,2,2,1,0,1,0,0,0,0,0,0,0,0,0,5,10,0,0,0,0,0,0,0,0,0,0,0,7,0,0,0,0,0,0,0,0
3905,7,1,1,0,0,0,0,0,0,0,0,0,0,0,0,0,0,0,0,0,0,0,0,0,2,2,0,0,0,0,0,0,0,0,0,0,0,1,0,0,0,0,0,0,0,0
3906,44,4,8,2,3,2,1,2,1,0,3,1,1,0,0,0,0,0,0,0,0,0,0,0,6,11,0,0,0,0,0,0,0,0,0,0,0,8,0,0,0,0,0,0,0,0
3907,9,3,0,0,0,0,0,0,0,0,0,0,0,0,0,0,0,0,0,0,0,0,0,0,2,2,0,0,0,0,0,0,0,0,0,0,0,1,0,0,0,0,0,0,0,0
3908,7,1,0,0,0,0,0,0,0,0,0,0,0,0,0,0,0,0,0,0,0,0,0,0,1,2,0,0,0,0,0,0,0,0,0,0,0,2,0,0,0,0,0,0,0,0
3909,17,1,2,2,0,0,0,0,0,0,0,0,0,0,0,0,0,0,0,0,0,0,0,0,4,4,0,0,0,0,0,0,0,0,0,0,0,3,0,0,0,0,0,0,0,0
3910,9,2,0,0,1,1,0,0,0,0,0,0,0,0,0,0,0,0,0,0,0,0,0,0,1,2,0,0,0,0,0,0,0,0,0,0,0,2,0,0,0,0,0,0,0,0
3911,5,4,0,0,0,0,0,1,0,0,0,0,0,0,0,0,0,0,0,0,0,0,0,0,0,0,0,0,0,0,0,0,0,0,0,0,0,1,0,0,0,0,0,0,0,0
3912,16,5,1,1,1,1,1,0,0,0,0,0,0,0,0,0,0,0,0,0,0,0,0,0,4,4,0,0,0,0,0,0,0,0,0,0,0,2,0,0,0,0,0,0,0,0
3913,20,3,2,1,1,0,1,0,0,0,1,1,0,0,0,0,0,0,0,0,0,0,0,1,3,5,0,0,0,0,0,0,0,0,0,0,0,3,0,0,0,0,0,0,0,0
3914,8,4,0,0,0,0,0,0,0,0,0,0,0,0,0,0,0,0,0,0,0,0,0,0,0,2,0,0,0,0,0,0,0,0,0,0,0,1,0,0,0,0,0,0,0,0
3915,6,2,1,1,0,0,0,0,0,0,0,0,0,0,1,0,0,0,0,0,0,0,0,0,0,2,0,0,0,0,0,0,0,0,0,0,0,0,0,0,0,0,0,0,0,0
3916,10,3,3,1,0,0,1,0,0,0,0,0,0,0,0,0,0,0,0,0,0,0,0,0,0,1,0,0,0,0,0,0,0,0,0,0,0,1,0,0,0,0,0,0,0,0
3917,7,2,0,0,0,0,0,0,0,0,0,0,0,0,0,0,0,0,0,0,0,0,0,0,2,1,0,0,0,0,0,0,0,0,0,0,0,1,0,0,0,0,0,0,0,0
3918,9,0,1,1,1,0,1,0,0,0,0,0,0,0,0,0,0,0,0,0,0,0,0,0,4,2,0,0,0,0,0,0,0,0,0,0,0,2,0,0,0,0,0,0,0,0
3919,7,1,0,0,0,0,1,0,0,0,0,0,0,0,0,0,0,0,0,0,0,0,0,0,5,0,0,0,0,0,0,0,0,0,0,0,0,0,0,0,0,0,0,0,0,0
3920,9,2,0,0,0,0,0,0,0,0,0,1,0,0,0,0,0,0,0,0,0,0,0,0,1,1,0,0,0,0,0,0,0,0,0,0,0,3,0,0,0,0,0,0,0,0
4001,47,4,6,2,3,4,1,1,0,0,3,4,0,0,0,0,0,0,0,0,0,0,0,0,5,11,0,0,0,0,0,0,0,0,0,0,0,9,0,0,0,0,0,0,0,0
4002,12,2,0,1,1,1,0,0,0,0,0,0,0,0,0,0,0,0,0,0,0,0,0,0,4,3,0,0,0,0,0,0,0,0,0,0,0,1,0,0,0,0,0,0,0,0
4003,23,2,3,0,0,0,0,0,0,0,1,1,0,0,0,0,0,0,0,0,0,0,0,0,6,6,0,0,0,0,0,0,0,0,0,0,0,4,0,0,0,0,0,0,0,0
4004,49,8,6,3,2,1,1,1,0,0,4,3,1,1,1,0,0,0,0,0,0,0,0,0,8,9,0,0,0,0,0,0,0,0,0,0,0,8,0,0,0,0,0,0,0,0
4005,5,1,0,0,0,1,0,0,0,0,0,0,0,0,0,0,0,0,0,0,0,0,0,0,2,1,0,0,0,0,0,0,0,0,0,0,0,0,0,0,0,0,0,0,0,0
4006,18,1,2,1,2,0,1,0,0,0,1,1,0,0,0,0,0,0,0,0,0,0,0,0,3,3,0,0,0,0,0,0,0,0,0,0,0,3,0,0,0,0,0,0,0,0
4007,4,0,0,0,0,0,0,0,0,0,0,0,0,0,0,0,0,0,0,0,0,0,0,0,3,0,0,0,0,0,0,0,0,0,0,0,0,1,0,0,0,0,0,0,0,0
4008,4,0,0,0,0,0,0,0,0,0,0,0,0,0,0,0,0,0,0,0,0,0,0,0,4,0,0,0,0,0,0,0,0,0,0,0,0,0,0,0,0,0,0,0,0,0
4009,7,1,0,0,0,0,0,0,0,0,0,0,0,0,0,0,0,0,0,0,0,0,0,0,3,1,0,0,0,0,0,0,0,0,0,0,0,1,0,0,0,0,0,0,0,0
4010,6,0,1,0,1,0,0,0,0,0,0,0,0,0,0,0,0,0,0,0,0,0,0,0,3,1,0,0,0,0,0,0,0,0,0,0,0,1,0,0,0,0,0,0,0,0
4011,24,4,2,0,0,1,0,0,0,0,1,0,0,0,1,0,0,0,0,0,0,0,0,0,7,6,0,0,0,0,0,0,0,0,0,0,0,4,0,0,0,0,0,0,0,0
4012,17,4,2,1,2,0,1,0,0,0,0,0,0,0,0,0,0,0,0,0,0,0,0,0,4,3,0,0,0,0,0,0,0,0,0,0,0,2,0,0,0,0,0,0,0,0
4013,19,6,2,0,1,0,0,0,0,0,1,0,0,0,0,0,0,0,0,0,0,0,0,0,2,3,0,0,0,0,0,0,0,0,0,0,0,4,0,0,0,0,0,0,0,0
4014,18,2,4,0,0,0,0,0,0,0,0,1,0,0,0,0,0,0,0,0,0,0,0,0,6,3,0,0,0,0,0,0,0,0,0,0,0,2,1,0,0,1,0,0,0,0
4015,10,2,1,0,1,0,0,0,0,0,0,0,0,0,0,0,0,0,0,0,0,0,0,0,2,4,0,0,0,0,0,0,0,0,0,0,0,1,0,0,0,0,0,0,0,0
4016,2,0,0,0,0,0,0,0,0,0,0,0,0,0,0,0,0,0,0,0,0,0,0,0,2,0,0,0,0,0,0,0,0,0,0,0,0,0,0,0,0,0,0,0,0,0
4017,2,0,0,0,0,0,0,0,0,0,0,0,0,0,0,0,0,0,0,0,0,0,0,0,0,0,0,0,0,0,0,0,0,0,0,0,0,1,0,0,0,0,0,0,0,0
4018,2,1,0,0,0,0,0,0,0,0,0,0,0,0,0,0,0,0,0,0,0,0,0,0,1,0,0,0,0,0,0,0,0,0,0,0,0,0,0,0,0,0,0,0,0,0
4301,254,16,30,5,16,13,7,7,0,5,14,11,6,5,2,0,0,0,0,0,0,0,1,0,33,71,0,1,0,0,0,0,0,0,0,0,0,41,1,1,1,1,1,1,1,1
4302,77,7,12,4,5,3,2,0,0,1,5,4,2,2,2,0,0,0,0,0,0,0,0,0,9,15,0,0,0,0,0,0,0,0,0,0,0,15,0,0,0,0,0,0,0,0
4303,43,1,6,1,4,2,1,1,0,1,5,3,1,1,0,0,0,0,0,0,0,0,0,0,5,11,0,0,0,0,0,0,0,0,0,0,0,5,0,0,0,0,0,0,0,0
4304,14,0,0,2,1,0,0,0,0,0,1,1,0,0,0,0,0,0,0,0,0,0,0,0,2,5,0,0,0,0,0,0,0,0,0,0,0,2,0,0,0,0,0,0,0,0
4305,28,3,3,0,2,0,1,0,0,0,0,1,1,1,0,0,0,0,0,0,0,0,0,0,9,7,0,0,0,0,0,0,0,0,0,0,0,4,0,0,0,0,0,0,0,0
4306,10,0,0,0,0,0,1,0,0,0,0,0,0,0,0,0,0,0,0,0,0,0,0,0,7,2,0,0,0,0,0,0,0,0,0,0,0,1,0,0,0,0,0,0,0,0
4307,6,1,0,0,0,0,0,0,0,0,0,0,0,0,0,0,0,0,0,0,0,0,0,0,2,2,0,0,0,0,0,0,0,0,0,0,0,1,0,0,0,0,0,0,0,0
4308,10,2,1,0,0,0,0,0,0,0,0,0,0,0,0,0,0,0,0,0,0,0,0,0,5,2,0,0,0,0,0,0,0,0,0,0,0,1,0,0,0,0,0,0,0,0
4309,20,1,3,2,0,0,2,2,0,0,1,1,1,2,0,0,0,0,0,0,0,0,0,0,6,3,0,0,0,0,0,0,0,0,0,0,0,2,0,0,0,0,0,0,0,0
4310,11,0,1,0,0,0,0,0,0,0,0,0,0,0,0,0,0,0,0,0,0,0,0,0,7,2,0,0,0,0,0,0,0,0,0,0,0,1,0,0,0,0,0,0,0,0
4311,17,2,2,0,0,0,1,1,0,0,0,1,0,0,0,0,0,0,0,0,0,0,0,0,7,3,0,0,0,0,0,0,0,0,0,0,0,1,0,0,0,0,0,0,0,0
4312,5,1,0,0,0,0,0,0,0,0,0,0,0,0,0,0,0,0,0,0,0,0,0,0,4,0,0,0,0,0,0,0,0,0,0,0,0,0,0,0,0,0,0,0,0,0
4313,35,4,2,0,0,0,1,0,0,0,2,2,0,0,1,0,0,0,0,0,0,0,0,0,13,6,0,0,0,0,0,0,0,0,0,0,0,5,0,0,0,0,0,0,0,0
4314,2,0,1,0,0,0,0,0,0,0,0,0,0,0,0,0,0,0,0,0,0,0,0,0,1,0,0,0,0,0,0,0,0,0,0,0,0,0,0,0,0,0,0,0,0,0
4315,3,2,0,0,0,0,0,0,0,0,0,0,0,0,0,0,0,0,0,0,0,0,0,0,2,0,0,0,0,0,0,0,0,0,0,0,0,0,0,0,0,0,0,0,0,0
4316,14,1,2,0,3,0,0,0,0,0,0,1,0,0,0,0,0,0,0,0,0,0,0,0,1,5,0,0,0,0,0,0,0,0,0,0,0,3,0,0,0,0,0,0,0,0
4317,11,1,0,0,0,0,1,0,0,0,0,0,0,0,0,0,0,0,0,0,0,0,0,0,4,5,0,0,0,0,0,0,0,0,0,0,0,1,0,0,0,0,0,0,0,0
4318,4,2,0,0,0,0,0,0,0,0,0,0,0,0,0,0,0,0,0,0,0,0,0,0,1,0,0,0,0,0,0,0,0,0,0,0,0,1,0,0,0,0,0,0,0,0
4319,14,2,1,0,0,0,0,0,0,0,1,1,0,0,0,0,0,0,0,0,0,0,0,0,5,4,0,0,0,0,0,0,0,0,0,0,0,1,0,0,0,0,0,0,0,0
4320,7,0,0,0,0,0,0,0,0,0,0,0,0,0,0,0,0,0,0,0,0,0,0,0,4,2,0,0,0,0,0,0,0,0,0,0,0,1,0,0,0,0,0,0,0,0
4321,9,1,0,0,0,0,0,0,0,0,0,0,0,0,0,0,0,0,0,0,0,0,0,0,5,1,0,0,0,0,0,0,0,0,0,0,0,2,0,0,0,0,0,0,0,0
4322,7,3,0,0,0,0,0,0,0,0,0,0,0,0,0,0,0,0,0,0,0,0,0,0,2,2,0,0,0,0,0,0,0,0,0,0,0,1,0,0,0,0,0,0,0,0
4323,2,0,1,0,0,0,0,0,0,0,0,0,0,0,0,0,0,0,0,0,0,0,0,0,1,0,0,0,0,0,0,0,0,0,0,0,0,0,0,0,0,0,0,0,0,0
4324,2,1,0,0,0,0,0,0,0,0,0,0,0,0,0,0,0,0,0,0,0,0,0,0,1,0,0,0,0,0,0,0,0,0,0,0,0,0,0,0,0,0,0,0,0,0
4325,2,0,0,0,0,0,0,0,0,0,0,0,0,0,0,0,0,0,0,0,0,0,0,0,1,0,0,0,0,0,0,0,0,0,0,0,0,0,0,0,0,0,0,0,0,0
4326,2,1,0,0,1,0,0,0,0,0,0,0,0,0,0,0,0,0,0,0,0,0,0,0,1,0,0,0,0,0,0,0,0,0,0,0,0,0,0,0,0,0,0,0,0,0
4327,1,0,0,0,0,0,0,0,0,0,0,0,0,0,0,0,0,0,0,0,0,0,0,0,1,0,0,0,0,0,0,0,0,0,0,0,0,0,0,0,0,0,0,0,0,0
4328,10,3,3,0,0,0,0,0,0,0,0,0,0,0,1,0,0,0,0,0,0,0,0,0,4,1,0,0,0,0,0,0,0,0,0,0,0,0,0,0,0,0,0,0,0,0
4329,2,1,0,0,0,0,0,0,0,0,0,0,0,0,0,0,0,0,0,0,0,0,0,0,1,0,0,0,0,0,0,0,0,0,0,0,0,0,0,0,0,0,0,0,0,0
4330,4,0,0,0,0,0,0,0,0,0,0,0,0,0,0,0,0,0,0,0,0,0,0,0,3,1,0,0,0,0,0,0,0,0,0,0,0,0,0,0,0,0,0,0,0,0
4331,6,1,0,0,1,0,0,0,0,0,0,0,0,0,0,0,0,0,0,0,0,0,0,0,5,0,0,0,0,0,0,0,0,0,0,0,0,0,0,0,0,0,0,0,0,0
4332,1,0,0,0,0,0,0,0,0,0,0,0,0,0,0,0,0,0,0,0,0,0,0,0,1,0,0,0,0,0,0,0,0,0,0,0,0,0,0,0,0,0,0,0,0,0
4333,1,0,0,0,0,0,0,0,0,0,0,0,0,0,0,0,0,0,0,0,0,0,0,0,1,0,0,0,0,0,0,0,0,0,0,0,0,0,0,0,0,0,0,0,0,0
4401,67,13,5,6,3,3,2,0,0,1,3,3,1,1,4,0,0,0,0,0,0,0,0,0,6,21,0,0,0,0,0,0,0,0,0,0,0,4,0,0,0,0,0,0,0,0
4402,5,1,1,0,2,0,0,0,0,0,0,0,0,0,1,0,0,0,0,0,0,0,0,0,1,1,0,0,0,0,0,0,0,0,0,0,0,1,0,0,0,0,0,0,0,0
4403,5,3,1,0,0,0,0,0,0,0,0,0,0,0,1,0,0,0,0,0,0,0,0,0,1,1,0,0,0,0,0,0,0,0,0,0,0,0,0,0,0,0,0,0,0,0
4404,4,0,2,0,0,0,0,0,0,0,0,0,0,0,1,0,0,0,0,0,0,0,0,0,1,1,0,0,0,0,0,0,0,0,0,0,0,0,0,0,0,0,0,0,0,0
4405,2,1,0,0,0,0,0,0,0,0,0,0,0,0,0,0,0,0,0,0,0,1,0,0,1,1,0,0,0,0,0,0,0,0,0,0,0,0,0,0,0,0,0,0,0,0
4406,1,0,1,0,0,0,0,0,0,0,1,0,0,0,0,0,0,0,0,0,0,0,0,0,0,0,0,0,0,0,0,0,0,0,0,0,0,0,0,0,0,0,0,0,0,0
4501,160,6,14,10,12,8,3,2,1,1,8,6,3,4,5,0,0,0,0,0,0,0,0,1,22,49,0,3,0,1,1,0,0,0,2,0,0,26,0,0,0,0,0,0,0,0
4502,8,1,1,1,0,0,0,0,0,0,0,0,0,0,0,0,0,0,0,0,0,0,0,0,2,2,0,0,0,0,0,0,0,0,0,0,0,1,0,0,0,0,0,0,0,0
4503,15,0,2,0,2,0,0,0,0,0,1,1,0,0,0,0,0,0,0,0,0,0,0,0,3,4,0,0,0,0,0,0,0,0,0,0,0,3,0,0,0,0,0,0,0,0
4504,7,1,1,0,1,0,0,0,0,0,0,0,0,0,0,0,0,0,0,0,0,0,0,0,1,2,0,0,0,0,0,0,0,0,1,0,0,2,0,0,0,0,0,0,0,0
4505,48,3,4,0,5,0,2,0,0,0,3,1,0,1,0,0,0,0,0,0,0,0,0,0,9,17,0,0,0,0,0,0,0,0,0,0,0,8,0,0,0,0,0,0,0,0
4506,6,2,0,1,0,0,0,0,0,0,0,0,0,0,0,0,0,0,0,0,0,0,0,0,1,1,0,0,0,0,0,0,0,0,0,0,0,1,0,0,0,0,0,0,0,0
4507,6,2,0,0,0,1,0,0,0,0,0,0,0,0,0,0,0,0,0,0,0,0,0,0,3,2,0,0,0,0,0,0,0,0,0,0,0,0,0,0,0,0,0,0,0,0
4508,1,0,0,0,0,0,0,0,0,0,0,0,0,0,0,0,0,0,0,0,0,0,0,0,0,0,0,0,0,0,0,0,0,0,0,0,0,0,0,0,0,0,0,0,0,0
4509,5,1,0,1,0,0,0,0,0,0,0,0,0,0,0,0,0,0,0,0,0,0,0,0,2,0,0,0,0,0,0,0,0,0,0,0,0,1,0,0,0,0,0,0,0,0
4510,1,0,0,1,0,0,0,0,0,0,0,0,0,0,0,0,0,0,0,0,0,0,0,0,1,1,0,0,0,0,0,0,0,0,0,0,0,0,0,0,0,0,0,0,0,0
4511,9,5,0,0,0,0,0,0,0,0,0,0,0,0,0,0,0,0,0,0,0,0,0,0,4,1,0,0,0,0,0,0,0,0,0,0,0,0,0,0,0,0,0,0,0,0
4512,2,1,0,0,0,0,0,0,0,0,0,0,0,0,0,0,0,0,0,0,0,0,0,0,1,0,0,0,0,0,0,0,0,0,0,0,0,0,0,0,0,0,0,0,0,0
4513,3,1,0,1,0,0,0,0,0,0,0,0,0,0,0,0,0,0,0,0,0,0,0,0,2,0,0,0,0,0,0,0,0,0,0,0,0,0,0,0,0,0,0,0,0,0
4601,102,7,12,10,4,6,5,1,0,0,6,4,4,2,1,0,0,0,0,0,0,0,0,0,4,25,0,1,1,0,0,0,0,0,2,0,0,23,0,0,0,0,0,0,0,0
4602,6,4,0,0,0,0,0,0,0,0,0,0,0,0,0,0,0,0,0,0,0,0,0,0,1,0,0,0,0,0,0,0,0,0,0,0,0,1,0,0,0,0,0,0,0,0
4603,8,0,0,1,2,0,0,0,0,0,0,0,0,0,0,0,0,0,0,0,0,0,0,0,3,2,0,0,0,0,0,0,0,0,0,0,0,1,0,0,0,0,0,0,0,0
4604,5,1,1,0,1,0,0,0,0,0,0,0,0,0,0,0,0,0,0,0,0,0,0,0,2,1,0,0,0,0,0,0,0,0,0,0,0,1,0,0,0,0,0,0,0,0
4605,3,0,1,0,0,1,0,0,0,0,0,0,0,0,0,0,0,0,0,0,0,0,0,0,1,1,0,0,0,0,0,0,0,0,0,0,0,0,0,0,0,0,0,0,0,0
4606,6,3,1,1,0,1,0,0,0,0,0,0,0,0,0,0,0,0,0,0,0,0,0,0,1,1,0,0,0,0,0,0,0,0,0,0,0,1,0,0,0,0,0,0,0,0
4607,3,2,1,0,0,0,0,1,0,0,0,0,0,0,0,0,0,0,0,0,0,0,0,0,1,0,0,0,0,0,0,0,0,0,0,0,0,0,0,0,0,0,0,0,0,0
4608,3,0,0,0,1,1,0,0,0,0,0,0,0,0,0,0,0,0,0,0,0,0,0,0,2,1,0,0,0,0,0,0,0,0,0,0,0,0,0,0,0,0,0,0,0,0
4609,4,1,0,1,1,0,0,0,0,0,0,0,0,0,0,0,0,0,0,0,0,0,0,0,2,0,0,0,0,0,0,0,0,0,0,0,0,1,0,0,0,0,0,0,0,0
4610,7,1,0,0,0,0,0,0,0,0,0,0,0,0,0,0,0,0,0,0,0,0,0,0,2,2,0,0,0,0,0,0,0,0,0,0,0,2,0,0,0,0,0,0,0,0
4611,2,1,1,1,0,0,0,0,0,0,0,0,0,0,0,0,0,0,0,0,0,0,0,0,1,1,0,0,0,0,0,0,0,0,0,0,0,0,0,0,0,0,0,0,0,0
4612,2,1,0,0,1,0,0,0,0,0,0,0,0,0,0,0,0,0,0,0,0,0,0,0,0,1,0,0,0,0,0,0,0,0,0,0,0,0,0,0,0,0,0,0,0,0
4613,1,1,0,0,0,0,0,0,0,0,0,0,0,0,0,0,0,0,0,0,0,0,0,0,0,1,0,0,0,0,0,0,0,0,0,0,0,0,0,0,0,0,0,0,0,0
4614,1,1,1,0,0,0,0,0,0,0,0,0,0,0,0,0,0,0,0,0,0,0,0,0,0,0,0,0,0,0,0,0,0,0,0,0,0,0,0,0,0,0,0,0,0,0
4615,2,0,0,0,1,0,0,0,0,0,0,0,0,0,0,0,0,0,0,0,0,0,0,0,1,1,0,0,0,0,0,0,0,0,0,0,0,0,0,0,0,0,0,0,0,0
4616,1,0,0,1,0,1,0,0,0,0,0,0,0,0,0,0,0,0,0,0,0,1,0,0,1,1,0,0,0,0,0,0,0,0,0,0,0,0,0,0,0,0,0,0,0,0
9001,34,6,4,1,4,1,2,0,0,0,1,2,2,1,0,0,1,0,0,0,0,0,0,0,4,9,0,0,0,0,0,0,0,0,0,0,0,4,0,0,0,0,0,0,0,0
9002,3,1,0,0,0,0,0,0,0,0,0,0,0,0,0,0,0,0,0,0,0,0,0,0,0,1,0,0,0,0,0,0,0,0,0,0,0,1,0,0,0,0,0,0,0,0
9003,12,1,0,0,1,1,0,1,0,0,0,0,0,1,0,0,0,0,0,0,0,0,0,0,4,4,0,0,0,0,0,0,0,0,0,0,0,2,0,0,0,0,0,0,0,0
9004,5,1,2,0,1,0,0,0,0,0,0,0,0,0,0,0,0,0,0,0,0,0,0,0,2,1,0,0,0,0,0,0,0,0,0,0,0,0,0,0,0,0,0,0,0,0
9005,3,2,0,0,0,0,0,0,0,0,0,0,0,0,0,0,0,0,0,0,0,0,0,0,1,1,0,0,0,0,0,0,0,0,0,0,0,0,0,0,0,0,0,0,0,0
9102,1,1,0,0,0,0,0,0,0,0,0,0,0,0,0,0,0,0,0,0,0,0,0,0,0,1,0,0,0,0,0,0,0,0,0,0,0,0,0,0,0,0,0,0,0,0
9103,2,2,1,0,1,0,0,0,0,0,0,0,0,0,0,0,0,0,0,0,0,0,0,0,2,1,0,0,0,0,0,0,0,0,0,0,0,0,0,0,0,0,0,0,0,0
9104,1,1,0,0,0,0,0,0,0,0,0,0,0,0,0,0,0,0,0,0,0,1,0,0,1,1,0,0,0,0,0,0,0,0,0,0,0,0,0,0,0,0,0,0,0,0
