區域別,性別,總計,合計0至4歲人數,歲人數,合計5至9歲人數,合計10至14歲人數,合計15至19歲人數,合計20至24歲人數,合計25至29歲人數,合計30至34歲人數,合計35至39歲人數,合計40至44歲人數,合計45至49歲人數,合計50至54歲人數,合計55至59歲人數,合計60至64歲人數,合計65至69歲人數,合計70至74歲人數,合計75至79歲人數,合計80至84歲人數,合計85至89歲人數,合計90至94歲人數,合計95至99歲人數,歲人數以上
臺南市,計,1858873,53734,99,76731,78298,77730,94329,116159,125855,129698,160075,156471,136178,143306,147207,129690,100635,54835,39667,24554,10830,2574,100
臺南市,男,921802,28047,99,39779,40536,40370,49051,60710,65451,66299,79369,77722,66173,69935,71737,63142,47821,24859,16552,9399,3866,905,100
臺南市,女,937071,25687,99,36952,37762,37360,45278,55449,60404,63399,80706,78749,70005,73371,75470,66548,52814,29976,23115,15155,6964,1669,100
新營區,計,74741,1936,99,3250,3538,3352,4226,4772,4911,4903,5801,5706,5154,5600,5964,5345,4293,2448,1782,1133,498,115,100
新營區,男,36642,1014,99,1716,1800,1747,2201,2468,2579,2505,2827,2757,2416,2668,2868,2486,2031,1136,762,457,162,38,100
新營區,女,38099,922,99,1534,1738,1605,2025,2304,2332,2398,2974,2949,2738,2932,3096,2859,2262,1312,1020,676,336,77,100
鹽水區,計,23984,570,99,760,788,848,1299,1485,1604,1588,1799,1828,1607,1977,2129,1861,1408,854,726,549,244,54,100
鹽水區,男,12464,285,99,412,408,435,678,823,873,858,970,970,822,1040,1159,967,746,393,311,211,86,15,100
鹽水區,女,11520,285,99,348,380,413,621,662,731,730,829,858,785,937,970,894,662,461,415,338,158,39,100
白河區,計,25434,491,99,673,668,847,1352,1517,1440,1375,1733,1787,1715,2108,2415,2148,1769,1158,965,781,394,90,100
白河區,男,13253,266,99,360,338,423,706,840,770,750,916,920,944,1176,1345,1162,881,529,408,319,167,30,100
白河區,女,12181,225,99,313,330,424,646,677,670,625,817,867,771,932,1070,986,888,629,557,462,227,60,100
柳營區,計,20032,538,99,554,481,635,1025,1365,1432,1333,1513,1415,1366,1636,1805,1579,1298,766,631,418,202,38,100
柳營區,男,10425,280,99,297,247,343,502,725,778,718,809,729,714,886,1000,866,646,337,283,171,80,14,100
柳營區,女,9607,258,99,257,234,292,523,640,654,615,704,686,652,750,805,713,652,429,348,247,122,24,100
後壁區,計,21346,419,99,441,543,779,1202,1241,1202,1190,1427,1436,1419,1786,2023,1789,1523,982,890,650,330,66,100
後壁區,男,10988,200,99,237,289,410,614,648,646,637,722,757,723,964,1110,990,800,486,374,255,112,13,100
後壁區,女,10358,219,99,204,254,369,588,593,556,553,705,679,696,822,913,799,723,496,516,395,218,53,100
東山區,計,18866,381,99,462,416,617,1037,1094,1062,1060,1289,1241,1335,1698,1886,1576,1285,847,768,507,251,49,100
東山區,男,10070,210,99,243,210,325,548,597,574,630,677,675,695,1006,1078,900,654,387,343,203,102,11,100
東山區,女,8796,171,99,219,206,292,489,497,488,430,612,566,640,692,808,676,631,460,425,304,149,38,100
麻豆區,計,43053,1142,99,1637,1734,1673,2219,2639,2760,2909,3523,3379,2843,3174,3624,3299,2582,1418,1133,831,420,101,100
麻豆區,男,21780,605,99,824,906,873,1172,1414,1469,1527,1843,1668,1442,1585,1847,1691,1284,667,463,324,145,29,100
麻豆區,女,21273,537,99,813,828,800,1047,1225,1291,1382,1680,1711,1401,1589,1777,1608,1298,751,670,507,275,72,100
下營區,計,22099,498,99,707,686,811,1101,1356,1289,1330,1682,1654,1455,1784,2098,1822,1399,825,756,528,254,59,100
下營區,男,11396,255,99,365,343,437,553,746,691,718,880,908,760,910,1101,972,703,389,336,216,88,22,100
下營區,女,10703,243,99,342,343,374,548,610,598,612,802,746,695,874,997,850,696,436,420,312,166,37,100
六甲區,計,21140,475,99,742,793,797,1123,1391,1436,1336,1616,1573,1446,1753,1815,1656,1271,756,579,388,162,30,100
六甲區,男,10886,251,99,373,402,423,566,735,764,722,809,825,767,927,963,874,624,364,264,163,61,9,100
六甲區,女,10254,224,99,369,391,374,557,656,672,614,807,748,679,826,852,782,647,392,315,225,101,21,100
官田區,計,20675,555,99,627,570,801,1060,1359,1500,1420,1587,1638,1540,1736,1921,1534,1178,676,438,301,179,52,100
官田區,男,10551,295,99,344,300,415,538,720,816,761,839,805,784,886,1025,778,566,284,175,123,75,20,100
官田區,女,10124,260,99,283,270,386,522,639,684,659,748,833,756,850,896,756,612,392,263,178,104,32,100
大內區,計,8606,164,99,170,176,294,431,503,463,375,533,691,661,754,820,738,697,407,364,223,112,28,100
大內區,男,4607,76,99,80,100,139,246,258,267,217,278,385,363,439,488,401,364,187,161,107,40,11,100
大內區,女,3999,88,99,90,76,155,185,245,196,158,255,306,298,315,332,337,333,220,203,116,72,17,100
佳里區,計,58428,1648,99,2471,2446,2408,2892,3573,3952,4182,5094,4976,3946,4309,4651,4235,3276,1670,1272,896,408,110,100
佳里區,男,28763,853,99,1272,1268,1240,1533,1901,2064,2126,2490,2448,1874,2034,2249,2017,1577,782,534,343,125,32,100
佳里區,女,29665,795,99,1199,1178,1168,1359,1672,1888,2056,2604,2528,2072,2275,2402,2218,1699,888,738,553,283,78,100
學甲區,計,24554,660,99,716,723,873,1150,1494,1644,1696,2100,1872,1790,1966,2326,1990,1501,786,655,410,175,24,100
學甲區,男,12595,377,99,370,359,465,596,798,873,906,1072,955,941,1015,1259,1054,746,356,256,137,52,8,100
學甲區,女,11959,283,99,346,364,408,554,696,771,790,1028,917,849,951,1067,936,755,430,399,273,123,16,100
西港區,計,25037,784,99,912,827,968,1194,1679,1884,1830,2143,1914,1659,2038,2173,1751,1259,697,577,467,220,48,100
西港區,男,12602,406,99,472,434,484,612,863,971,931,1101,977,809,1005,1155,891,655,306,265,181,71,12,100
西港區,女,12435,378,99,440,393,484,582,816,913,899,1042,937,850,1033,1018,860,604,391,312,286,149,36,100
七股區,計,20788,436,99,420,691,731,1042,1211,1271,1188,1567,1679,1671,1934,2053,1592,1117,713,635,530,230,68,100
七股區,男,10748,204,99,217,357,380,554,645,700,654,765,819,878,1091,1171,864,586,334,259,184,69,17,100
七股區,女,10040,232,99,203,334,351,488,566,571,534,802,860,793,843,882,728,531,379,376,346,161,51,100
將軍區,計,18102,324,99,394,395,509,834,1006,1071,1046,1365,1599,1418,1700,1761,1498,1173,663,620,449,218,52,100
將軍區,男,9224,175,99,216,207,263,439,518,584,537,693,794,735,897,942,799,572,320,260,185,71,14,100
將軍區,女,8878,149,99,178,188,246,395,488,487,509,672,805,683,803,819,699,601,343,360,264,147,38,100
北門區,計,9722,156,99,197,206,311,441,492,547,579,766,829,852,1005,1023,785,645,325,299,176,70,16,100
北門區,男,4902,89,99,106,108,162,229,245,291,301,370,401,455,557,552,414,293,129,105,60,29,6,100
北門區,女,4820,67,99,91,98,149,212,247,256,278,396,428,397,448,471,371,352,196,194,116,41,10,100
新化區,計,42301,1214,99,1594,1421,1691,2251,2881,2954,2894,3393,3348,2985,3280,3547,3062,2468,1320,1041,590,301,63,100
新化區,男,21357,632,99,828,770,885,1211,1495,1573,1550,1724,1718,1484,1614,1748,1508,1195,611,445,238,104,24,100
新化區,女,20944,582,99,766,651,806,1040,1386,1381,1344,1669,1630,1501,1666,1799,1554,1273,709,596,352,197,39,100
善化區,計,53211,2433,99,3201,2737,2351,2408,3092,3862,4507,5115,4524,3411,3397,3396,3012,2314,1326,1023,696,308,84,100
善化區,男,26729,1284,99,1616,1409,1172,1224,1630,1976,2313,2568,2324,1658,1680,1747,1534,1137,600,449,278,98,29,100
善化區,女,26482,1149,99,1585,1328,1179,1184,1462,1886,2194,2547,2200,1753,1717,1649,1478,1177,726,574,418,210,55,100
新市區,計,37936,1447,99,1905,1796,1565,1834,2541,2918,3052,3697,3296,2435,2605,2673,2319,1732,911,632,385,161,28,100
新市區,男,19022,767,99,989,925,804,929,1328,1545,1572,1848,1690,1181,1232,1291,1134,846,448,277,154,53,7,100
新市區,女,18914,680,99,916,871,761,905,1213,1373,1480,1849,1606,1254,1373,1382,1185,886,463,355,231,108,21,100
安定區,計,29874,901,99,1103,976,1229,1593,1958,2181,2202,2635,2479,2110,2395,2477,2045,1503,719,673,424,213,48,100
安定區,男,15345,449,99,586,502,676,791,1038,1184,1155,1382,1277,1070,1292,1260,1071,732,331,306,163,64,13,100
安定區,女,14529,452,99,517,474,553,802,920,997,1047,1253,1202,1040,1103,1217,974,771,388,367,261,149,35,100
山上區,計,6934,188,99,199,170,210,374,494,474,432,501,485,496,610,636,516,411,247,219,172,79,19,100
山上區,男,3653,109,99,94,94,110,196,271,258,251,279,243,245,327,353,297,209,109,99,71,32,5,100
山上區,女,3281,79,99,105,76,100,178,223,216,181,222,242,251,283,283,219,202,138,120,101,47,14,100
玉井區,計,12835,270,99,372,345,444,639,762,748,701,893,876,837,1140,1266,1145,878,542,466,321,154,34,100
玉井區,男,6631,134,99,183,188,234,327,406,410,382,461,463,446,617,682,597,454,240,204,136,59,8,100
玉井區,女,6204,136,99,189,157,210,312,356,338,319,432,413,391,523,584,548,424,302,262,185,95,26,100
楠西區,計,8555,123,99,164,205,289,439,470,452,518,538,583,628,768,920,800,610,400,309,224,93,19,100
楠西區,男,4522,63,99,84,113,156,232,245,252,303,277,288,363,417,532,436,311,196,123,88,31,11,100
楠西區,女,4033,60,99,80,92,133,207,225,200,215,261,295,265,351,388,364,299,204,186,136,62,8,100
南化區,計,7800,165,99,201,168,247,357,450,505,442,503,572,538,661,791,690,586,361,261,173,107,21,100
南化區,男,4185,78,99,101,97,126,191,252,273,239,253,316,302,381,463,358,308,192,123,78,42,12,100
南化區,女,3615,87,99,100,71,121,166,198,232,203,250,256,236,280,328,332,278,169,138,95,65,9,100
左鎮區,計,4136,51,99,52,60,119,152,206,202,192,240,264,303,424,515,437,329,194,183,126,65,22,100
左鎮區,男,2373,33,99,26,36,67,84,113,119,120,140,156,173,258,335,265,181,101,77,61,22,6,100
左鎮區,女,1763,18,99,26,24,52,68,93,83,72,100,108,130,166,180,172,148,93,106,65,43,16,100
仁德區,計,77598,2279,99,2996,3017,3360,3902,4895,5434,5642,7297,7022,5927,5693,5819,5348,4194,2245,1363,778,301,75,100
仁德區,男,38911,1195,99,1580,1544,1794,2063,2569,2856,2904,3744,3575,2937,2793,2715,2559,2008,1026,595,305,117,30,100
仁德區,女,38687,1084,99,1416,1473,1566,1839,2326,2578,2738,3553,3447,2990,2900,3104,2789,2186,1219,768,473,184,45,100
歸仁區,計,69728,2291,99,3166,3006,3061,3558,4688,5048,5249,6280,5888,4843,5102,5395,4778,3554,1724,1079,660,294,59,100
歸仁區,男,35087,1203,99,1645,1574,1622,1897,2493,2638,2762,3181,3008,2384,2385,2563,2292,1733,845,483,256,98,24,100
歸仁區,女,34641,1088,99,1521,1432,1439,1661,2195,2410,2487,3099,2880,2459,2717,2832,2486,1821,879,596,404,196,35,100
關廟區,計,33030,844,99,1038,938,1216,1751,2078,2202,2242,2690,2623,2401,2586,2755,2647,2036,1126,922,596,279,52,100
關廟區,男,16862,437,99,513,509,621,906,1058,1162,1184,1432,1397,1249,1339,1390,1356,969,535,441,240,108,15,100
關廟區,女,16168,407,99,525,429,595,845,1020,1040,1058,1258,1226,1152,1247,1365,1291,1067,591,481,356,171,37,100
龍崎區,計,3358,42,99,35,39,62,123,152,145,151,238,201,244,370,417,362,274,162,138,109,73,18,100
龍崎區,男,1827,25,99,18,21,25,61,77,87,93,116,121,128,210,257,223,152,83,53,46,24,6,100
龍崎區,女,1531,17,99,17,18,37,62,75,58,58,122,80,116,160,160,139,122,79,85,63,49,12,100
永康區,計,235568,7814,99,10698,10092,10721,12284,15550,17377,17974,21962,21294,17950,17957,17756,14906,10528,5168,3189,1526,617,182,100
永康區,男,115226,4091,99,5558,5167,5639,6370,8189,8944,9048,10838,10597,8490,8334,8020,6872,4766,2203,1174,555,250,113,100
永康區,女,120342,3723,99,5140,4925,5082,5914,7361,8433,8926,11124,10697,9460,9623,9736,8034,5762,2965,2015,971,367,69,100
東區,計,181866,4504,99,8739,11257,8302,9404,11329,11280,11041,14537,15030,14016,14253,13752,12166,9959,5587,3665,1952,845,226,100
東區,男,86346,2343,99,4417,5860,4292,4921,5856,5672,5364,6621,6851,6289,6456,6194,5520,4526,2496,1500,745,321,94,100
東區,女,95520,2161,99,4322,5397,4010,4483,5473,5608,5677,7916,8179,7727,7797,7558,6646,5433,3091,2165,1207,524,132,100
南區,計,120406,2980,99,3710,3871,4543,5613,7200,8279,8918,10786,10092,8842,9288,9776,9421,7679,4168,2900,1582,561,167,100
南區,男,59024,1564,99,1905,1972,2356,2864,3643,4322,4541,5574,5096,4342,4503,4579,4400,3508,1779,1188,603,207,67,100
南區,女,61382,1416,99,1805,1899,2187,2749,3557,3957,4377,5212,4996,4500,4785,5197,5021,4171,2389,1712,979,354,100,100
北區,計,125880,3424,99,4750,5025,5760,6436,7433,8028,8263,10574,11292,10388,9902,9580,8604,7149,4077,2825,1562,623,159,100
北區,男,60744,1757,99,2550,2578,2937,3352,3851,4067,4144,5082,5458,4935,4724,4472,3969,3156,1743,1111,557,240,54,100
北區,女,65136,1667,99,2200,2447,2823,3084,3582,3961,4119,5492,5834,5453,5178,5108,4635,3993,2334,1714,1005,383,105,100
安南區,計,203796,7584,99,10136,9586,9176,10489,13158,15078,16461,20100,18587,14087,14047,14316,12739,9073,4213,2637,1583,603,125,100
安南區,男,101946,3924,99,5267,4899,4748,5496,6777,7819,8404,10139,9475,6998,6846,6825,6117,4359,1993,1129,512,181,34,100
安南區,女,101850,3660,99,4869,4687,4428,4993,6381,7259,8057,9961,9112,7089,7201,7491,6622,4714,2220,1508,1071,422,91,100
安平區,計,70222,2076,99,2934,2975,3250,3858,4857,4907,4724,6012,6294,6191,6285,5379,4143,2927,1594,1046,544,192,29,100
安平區,男,32944,1083,99,1475,1543,1656,1943,2484,2448,2275,2709,2871,2689,2768,2419,1944,1302,654,425,183,61,12,100
安平區,女,37278,993,99,1459,1432,1594,1915,2373,2459,2449,3303,3423,3502,3517,2960,2199,1625,940,621,361,131,17,100
中西區,計,77232,1927,99,4605,4933,2880,3236,3788,4313,4753,6546,6504,5669,5585,5554,5352,4757,2760,2006,1314,594,144,100
中西區,男,37172,1035,99,2440,2659,1486,1706,1991,2136,2197,2940,3005,2688,2673,2580,2564,2241,1288,791,491,219,40,100
中西區,女,40060,892,99,2165,2274,1394,1530,1797,2177,2556,3606,3499,2981,2912,2974,2788,2516,1472,1215,823,375,104,100
